LocusTag ;%
b0001;6.69693078
b0002;11.22987508
b0003;7.125839216
b0004;7.753534519
b0005;0.884640582
b0006;1.029671799
b0007;0.771792958
b0008;9.996115434
b0009;1.420765082
b0010;1.05602063
b0011;0.560883773
b0013;0.452716476
b0014;8.587121479
b0015;5.381447641
b0016;2.046045493
b0018;0.319971759
b0019;1.97239275
b0020;1.33151346
b0021;0
b0022;1.002735442
b0023;8.519784268
b0024;0.132970229
b0025;5.050739918
b0026;5.094009193
b0027;3.228946627
b0028;3.013152438
b0029;2.095933634
b0030;1.245705268
b0031;5.0368911
b0032;8.308679977
b0033;8.176251111
b0034;1.42172294
b0035;0.198390914
b0036;2.671334738
b0037;0.741686319
b0038;1.232143586
b0039;1.391749562
b0040;0.183079245
b0041;1.474714366
b0042;1.237708146
b0043;0.514416975
b0044;0.528855527
b0045;5.112731971
b0046;0.762437459
b0047;1.013413978
b0048;1.995689834
b0049;2.995165908
b0050;2.995600294
b0051;2.837623634
b0052;3.138984525
b0053;5.889119851
b0054;4.266724512
b0055;2.9742123
b0058;0.968383599
b0059;1.919583914
b0060;0.586481632
b0061;1.875868473
b0062;0.347313789
b0063;1.672608901
b0064;0.630551944
b0065;1.129903819
b0066;1.325853188
b0067;1.616641563
b0068;2.695704536
b0069;0.820900677
b0070;2.824930725
b0071;5.958621629
b0072;8.66447902
b0073;9.669361361
b0074;8.738309936
b0075;3.624679743
b0076;0.28903316
b0077;4.915844622
b0078;5.958430205
b0080;1.643177401
b0081;6.213878692
b0082;2.899284376
b0083;3.194482874
b0084;3.224514416
b0085;3.06767894
b0086;3.259935291
b0087;2.700225096
b0088;2.092532906
b0089;2.37459012
b0090;1.821616592
b0091;2.244494423
b0092;3.709259874
b0093;3.466121447
b0094;7.618396261
b0095;7.018575295
b0096;6.441224606
b0097;3.005333488
b0098;3.173551353
b0099;0.975242482
b0101;1.456845635
b0102;1.713553842
b0103;2.63714487
b0104;5.194875122
b0106;0.379104963
b0107;0.127973463
b0108;0.444922558
b0109;1.05243584
b0110;0.977496136
b0111;1.470060544
b0112;5.496132938
b0113;1.437682581
b0114;12.44212158
b0115;8.898009415
b0116;10.30867465
b0117;0.285791462
b0118;6.846146093
b0119;2.705216856
b0120;6.253753865
b0121;6.027578585
b0122;2.128281411
b0123;4.718913099
b0124;1.735510956
b0125;3.514993567
b0126;11.50947986
b0127;2.940845556
b0128;1.109388278
b0129;0.805108165
b0130;0.614882385
b0131;5.672883914
b0132;0.665824833
b0133;2.187749607
b0134;5.087994049
b0135;0.24798139
b0136;0.152716538
b0137;0.234149284
b0138;0.232132113
b0139;0.49183405
b0140;0.099864927
b0141;0.92273109
b0142;1.55078421
b0143;6.200589422
b0144;0.547323564
b0145;5.69127538
b0146;5.765717381
b0147;1.264547318
b0148;1.92894972
b0149;2.271566985
b0150;1.920884863
b0151;2.485734066
b0152;1.340995593
b0153;1.894700216
b0154;1.278618483
b0155;1.784469216
b0156;4.209304558
b0157;1.785268781
b0158;1.355579187
b0159;2.308173219
b0160;0.51531446
b0161;1.259679248
b0162;0.735680011
b0163;4.356392115
b0164;0.562594813
b0166;7.497806257
b0167;2.220485387
b0168;4.458384503
b0169;12.33476931
b0170;11.33418665
b0171;6.688029546
b0172;5.272829024
b0173;2.352238377
b0174;3.024520102
b0175;1.512363126
b0176;5.770385191
b0177;6.125020963
b0178;13.26681467
b0179;7.044034739
b0180;7.105923717
b0181;4.12847929
b0182;1.740076427
b0183;2.797380337
b0184;5.375182173
b0185;4.528180781
b0186;1.486913989
b0187;1.423818301
b0188;2.109644774
b0189;2.009964204
b0190;3.033112112
b0191;3.438092499
b0192;2.608054252
b0193;1.086167027
b0194;4.939765309
b0195;1.338399584
b0196;3.820742494
b0197;10.3925259
b0198;4.922654913
b0199;3.564866983
b0200;3.232458528
b0201;14.3162179
b0202;0
b0203;0
b0204;14.57873437
b0205;22.94135185
b0206;7.752812996
b0207;0.791298367
b0208;0.540229081
b0209;0.883059122
b0210;0.444326198
b0211;3.185000004
b0212;1.092634226
b0213;1.064874744
b0214;2.106545172
b0215;2.216570021
b0216;7.268089626
b0217;0.190203324
b0218;0.274122673
b0219;1.139798987
b0220;5.091012665
b0221;0.864181732
b0222;3.519418415
b0223;2.778893159
b0224;3.824305933
b0225;1.648189775
b0226;2.530284412
b0227;0.800925542
b0228;0.785862651
b0229;0.36963829
b0230;0.64822925
b0231;0.739606419
b0232;0.651387016
b0233;0.67641281
b0234;0.63907401
b0235;0.263413214
b0236;0.371685059
b0237;3.304492999
b0238;4.306165299
b0239;1.403638489
b0240;7.788601995
b0241;0.326558231
b0242;3.35455784
b0243;4.975701557
b0244;7.483280091
b0245;0.209074382
b0246;2.294808851
b0247;0.585577519
b0248;0.270760966
b0249;1.156411679
b0250;0.686993425
b0251;0.344261306
b0252;0.300977306
b0253;1.184927288
b0254;0.82472033
b0256;0
b0258;1.348467771
b0259;0
b0260;1.579788686
b0261;2.134290665
b0262;1.123460179
b0263;0.840720464
b0264;0
b0265;1.190025803
b0266;0.815757987
b0267;0.999914877
b0268;0.342858018
b0269;1.992214745
b0270;0.379140302
b0271;1.402146851
b0272;1.101849838
b0273;5.676682951
b0274;0
b0275;0
b0276;0.481783533
b0277;0.26674179
b0278;0.250017188
b0279;0.165110458
b0280;3.387534372
b0281;1.50782784
b0283;0.551796268
b0284;0.639816884
b0285;1.610005763
b0286;0.827295724
b0287;3.847350484
b0288;0.862198281
b0289;0.348948995
b0290;1.662784412
b0291;0.816835117
b0292;0.411954124
b0293;0.372226937
b0294;0.261224571
b0295;0.161625503
b0296;0.241931717
b0297;0.620067041
b0298;0
b0299;0
b0300;0.966309589
b0301;0.653368995
b0303;0.148066987
b0304;0.44212629
b0305;0.396547406
b0306;1.79633532
b0307;0.648066539
b0308;1.295249582
b0310;0.26505431
b0311;1.340127557
b0312;1.763583343
b0313;4.144154002
b0314;1.843243131
b0315;1.036508595
b0316;0.655078562
b0317;0.821971181
b0318;1.124451905
b0319;0.387869991
b0320;0.32301099
b0321;1.3618476
b0323;0.744715242
b0324;0.973781767
b0325;2.936059946
b0326;0.06260115
b0327;0.119145854
b0328;0.573005354
b0329;5.04004224
b0330;0.794339806
b0331;0.771592699
b0333;0.900320448
b0334;0.138211723
b0335;1.236784155
b0336;6.922634862
b0337;7.296133299
b0338;0.565935904
b0339;1.279998211
b0340;0.343993312
b0341;1.281196822
b0342;0.07441071
b0343;0.184768786
b0344;1.522476224
b0345;0.80595485
b0346;2.70457632
b0347;0.981717044
b0348;0.838365944
b0349;1.135345425
b0350;0.534591633
b0351;0.284704024
b0352;1.405017481
b0353;1.781626564
b0354;3.264919687
b0355;0.425336898
b0356;3.189262878
b0357;2.362145326
b0358;0.204182753
b0360;1.912004244
b0361;2.987700357
b0363;0.122519562
b0364;0.753115091
b0365;0.567394411
b0366;0.489869741
b0367;0.733271745
b0368;0.419656011
b0369;2.712682407
b0372;0.797264182
b0373;3.658664935
b0375;0.21727758
b0376;0.803384609
b0377;0.757416986
b0378;1.344604679
b0379;0.705847256
b0380;0.564823434
b0381;0.95674426
b0382;3.481082
b0383;1.481822837
b0384;1.936067763
b0385;0.391360541
b0386;3.001063252
b0387;0.999917822
b0388;3.573245481
b0389;2.660902109
b0390;0.855025756
b0391;4.216887908
b0392;0.547552537
b0393;2.96847693
b0394;2.203779927
b0396;0.279087927
b0397;1.710233365
b0398;1.10526161
b0399;0.805873862
b0400;0.309321201
b0401;1.014649402
b0402;0.8133696
b0403;1.077504337
b0404;2.154604474
b0405;1.632734464
b0406;4.842072607
b0407;7.033771446
b0408;3.216629203
b0409;2.175308494
b0410;2.061260787
b0411;5.640282867
b0412;0.245221271
b0413;3.939580228
b0414;2.880311273
b0415;5.870750472
b0416;6.58012509
b0417;3.599257111
b0418;2.239967972
b0419;4.547013996
b0420;2.299118109
b0421;3.990145717
b0422;5.730215519
b0423;2.459369038
b0424;2.94576369
b0425;2.766943859
b0426;5.537914993
b0427;0.718096208
b0428;4.726636337
b0429;9.823435908
b0430;9.459280454
b0431;11.11421794
b0432;13.10174794
b0433;0.928787464
b0434;5.008140629
b0435;4.277400103
b0436;7.238661807
b0437;4.456912007
b0438;4.273991277
b0439;4.095377595
b0440;6.678149103
b0441;2.569092026
b0442;2.386379654
b0443;0.641562528
b0444;2.844676887
b0445;0.846564798
b0446;1.611687352
b0447;1.192097603
b0448;0.323342301
b0449;0.39823194
b0450;0.989943139
b0451;3.045481073
b0452;0.709987912
b0453;1.994861556
b0454;1.306433183
b0455;4.39074543
b0456;0.912593696
b0457;0.761207189
b0458;3.61991622
b0459;1.073946788
b0460;4.826368444
b0461;5.072930422
b0462;4.382764506
b0463;5.524780335
b0464;0.289036105
b0465;1.673143417
b0466;1.419830048
b0467;4.006460965
b0468;3.164340895
b0469;4.448562959
b0470;2.684763896
b0471;5.40439648
b0472;2.972754529
b0473;1.238927372
b0474;7.597067167
b0475;0.963941081
b0476;0.187909766
b0477;1.300355459
b0478;2.387983201
b0479;0.487360609
b0480;2.602996231
b0481;1.439952432
b0482;1.925825822
b0483;2.509382341
b0484;0.927560875
b0485;3.083014979
b0486;1.586648306
b0487;1.816655755
b0488;0.977204582
b0489;1.495927133
b0490;1.041627725
b0491;0.783162095
b0492;3.45509982
b0493;2.36992231
b0494;2.644056763
b0495;1.312871669
b0496;2.16746672
b0497;0.69673251
b0498;0.390080206
b0499;0.16668161
b0501;0.565649504
b0502;0.529295067
b0503;0.481920475
b0504;0.309706258
b0505;1.855219671
b0506;2.668478097
b0507;0.345166891
b0508;0.115150606
b0509;0.974260328
b0511;0.251401628
b0512;0.287453909
b0513;0.115549284
b0514;0.681163817
b0515;0.675234814
b0516;0.945812455
b0517;0.880745832
b0518;0.690062106
b0520;0.374179466
b0521;2.822788244
b0522;3.704606788
b0523;5.890143235
b0524;1.678640978
b0525;9.270918853
b0526;2.888255386
b0527;1.583669448
b0528;0.922715629
b0529;5.428633753
b0530;0.089061891
b0531;0.641461662
b0532;0.66858797
b0533;0.094032152
b0534;2.752852079
b0535;0.084623496
b0536;1.267357575
b0537;0.765059973
b0539;0.281372504
b0540;0
b0541;0
b0542;1.292152188
b0543;0.61394146
b0544;0.146714942
b0545;0.156138986
b0546;0.795049549
b0547;0.227993665
b0548;0.427689946
b0549;0.678106916
b0550;0.395158107
b0551;0.364497073
b0552;0
b0553;10.26763621
b0554;0.138267973
b0555;1.612559806
b0556;0.230293334
b0557;3.569151944
b0558;0.115725836
b0559;0.589344162
b0560;0
b0561;0.773021019
b0562;0.044743611
b0563;0.159882363
b0564;0.139271257
b0565;17.52403422
b0566;0.13103272
b0567;1.876607666
b0568;1.690805998
b0569;0.648834446
b0570;1.515947916
b0571;1.531724967
b0572;4.88887587
b0573;6.889695142
b0574;2.068007024
b0575;0.752171222
b0576;0.431931468
b0577;0.92692623
b0578;5.318086167
b0579;1.141331855
b0580;0.628483088
b0581;1.673624923
b0582;0
b0583;0.180806816
b0584;1.305864064
b0585;1.465983941
b0586;0.688516722
b0587;2.229369687
b0588;2.097498897
b0589;0.55345577
b0590;0.869061581
b0591;1.151319054
b0592;0.677294835
b0593;1.299117827
b0594;1.262248017
b0595;1.640116819
b0596;3.182953236
b0597;0.693406143
b0598;4.702273902
b0599;2.255252473
b0600;0.624526493
b0601;0.572266162
b0602;0.393961704
b0603;0.10632793
b0604;1.477068886
b0605;13.81880162
b0606;3.71281595
b0607;2.234494707
b0608;2.065625263
b0610;1.312706013
b0611;1.826903586
b0612;0.837891064
b0613;0.401416948
b0614;0.360233463
b0615;0.227204923
b0616;0.301130446
b0617;0.211919243
b0618;1.870776584
b0619;0.454579919
b0620;0.786197644
b0621;2.00721211
b0622;0.587193583
b0623;9.726744503
b0624;0.674402854
b0627;3.866375124
b0628;2.554602672
b0629;0.326719469
b0630;1.715923823
b0631;2.87816143
b0632;4.358799644
b0633;3.1823716
b0634;2.750974647
b0635;1.040678701
b0636;3.731023354
b0637;4.548184629
b0638;0.619312387
b0639;4.430922465
b0640;3.037426524
b0641;4.180988473
b0642;6.039262835
b0643;3.083692326
b0644;0.129716751
b0645;0.061965842
b0646;0.072900372
b0647;0.157642109
b0648;0.652394203
b0649;0.209800912
b0650;0.669228506
b0651;1.138120343
b0652;1.262395266
b0653;1.248084084
b0654;1.363406236
b0655;5.019147531
b0656;0
b0657;2.258317472
b0658;5.15218012
b0659;3.911028544
b0660;4.99672879
b0661;2.845391047
b0662;1.659391783
b0664;6.148043427
b0665;5.782312403
b0666;6.288247068
b0668;6.491709108
b0670;0
b0672;6.329550562
b0673;6.687793947
b0674;1.892206545
b0675;2.233535376
b0676;2.37625404
b0677;2.248236033
b0678;1.311463964
b0679;1.272386883
b0680;2.958994061
b0681;0.690118797
b0682;0.830060334
b0683;7.977552593
b0684;6.172184987
b0685;1.492913671
b0686;1.293734384
b0687;7.873984635
b0688;2.506857012
b0689;0.312992132
b0691;0.324724974
b0692;0.208607675
b0693;0.565556001
b0694;1.436137197
b0695;1.390046621
b0696;2.161968423
b0697;0.135152909
b0698;0.392380244
b0699;1.656015351
b0700;-0.28807464
b0702;0.098578997
b0703;0.395518132
b0704;0.294888538
b0705;0.085422766
b0706;0.079419256
b0707;2.984939428
b0708;1.489934077
b0709;1.994569265
b0710;4.454025916
b0711;2.708478433
b0712;2.429661445
b0713;2.410180332
b0714;1.984953871
b0715;0.722984156
b0716;0.122822896
b0717;0.303143347
b0718;0.61516584
b0719;0.116225822
b0720;10.40560166
b0721;7.746488629
b0722;9.686398132
b0723;11.50096147
b0724;4.751241733
b0726;10.55836568
b0727;13.24743663
b0728;15.41843954
b0729;7.430395422
b0730;1.390511193
b0731;0.356921084
b0732;0.366473162
b0733;3.852872342
b0734;4.757904775
b0735;1.462592048
b0736;4.026000978
b0737;2.651618026
b0738;2.751254422
b0739;3.059226817
b0740;9.356183695
b0741;13.18745453
b0742;7.626553885
b0743;13.61542793
b0744;13.14112246
b0745;10.93608282
b0746;13.71157451
b0747;14.28332236
b0748;12.7728293
b0749;13.75555795
b0750;4.308543379
b0751;3.148386408
b0752;0.657838755
b0753;2.356824464
b0754;10.68229825
b0755;5.589864628
b0756;3.472328015
b0757;5.260084577
b0758;1.474210036
b0759;3.214854847
b0760;1.255772718
b0761;1.775374349
b0762;1.858507017
b0763;1.302334493
b0764;0.783175347
b0765;0.517043906
b0766;1.503344092
b0767;3.891024695
b0768;0.216035383
b0769;0.328939992
b0770;0.191211174
b0771;0.404801478
b0772;4.309058753
b0773;1.81126495
b0774;4.148652476
b0775;3.958383993
b0776;1.337485165
b0777;1.405538008
b0778;1.487568513
b0779;2.847334741
b0780;1.155323505
b0781;3.820779306
b0782;4.705645916
b0783;4.635245915
b0784;4.392689124
b0785;3.026530058
b0786;3.848462218
b0787;0.109068391
b0788;0.39851466
b0789;0.945493659
b0790;1.168756344
b0791;1.276970761
b0792;0.591783351
b0793;1.434096319
b0794;0.52257828
b0795;1.300607256
b0796;0.696221554
b0797;1.010228971
b0798;0.593297076
b0799;0.605902372
b0800;2.361403924
b0801;4.645258883
b0802;1.335369189
b0803;0.518956678
b0804;0.508909842
b0805;0.839825187
b0806;3.033185737
b0807;1.662200568
b0808;0.544660556
b0809;4.939397185
b0810;4.155904515
b0811;10.16596777
b0812;14.0101303
b0813;0.578221669
b0814;11.72442
b0815;0.568739535
b0817;2.751497383
b0818;0.905058202
b0819;3.834657575
b0820;2.299030495
b0821;1.383702375
b0822;1.71503959
b0823;2.361860398
b0824;1.309321483
b0825;1.917659362
b0826;0.733588331
b0827;1.382827713
b0828;2.765117965
b0829;2.76103179
b0830;1.771778515
b0831;0.908796867
b0832;0.806149219
b0833;0.915762506
b0834;1.276458333
b0835;2.648157662
b0836;0.433701408
b0837;1.538322482
b0838;3.021015563
b0839;2.671717587
b0840;1.126997849
b0841;2.465921642
b0842;1.888958956
b0843;0.557999155
b0844;0.75896826
b0845;1.216267878
b0846;0.470432067
b0847;2.296871817
b0848;1.492424803
b0849;1.2565259
b0850;2.815698179
b0851;3.33645351
b0852;1.063843262
b0853;1.639231113
b0854;3.765597544
b0855;1.307771682
b0856;1.805880771
b0857;2.042819992
b0858;1.022978572
b0859;0.792024308
b0860;6.033203517
b0861;1.710513139
b0862;2.02606594
b0863;5.24181091
b0864;3.843212772
b0865;2.975066347
b0866;1.966186182
b0867;1.079407537
b0868;1.031397563
b0869;2.356822255
b0870;2.642768329
b0871;3.236581515
b0872;0.253112153
b0873;0.268992499
b0874;1.280718998
b0875;0.878192525
b0876;1.246931856
b0877;3.547940649
b0878;1.425725183
b0879;3.153157293
b0880;4.318269211
b0881;8.403111102
b0882;6.285714376
b0883;7.587481222
b0884;9.565314842
b0885;0.984879228
b0886;1.515946443
b0887;1.349147328
b0888;2.995011296
b0889;6.80799374
b0890;3.111824349
b0891;3.506070245
b0892;1.504023649
b0893;2.958994061
b0894;0.227007019
b0895;0.223343819
b0896;2.608157327
b0897;3.089435058
b0898;1.714773804
b0899;0.16991094
b0900;0.280692211
b0901;0.568634988
b0902;2.094639311
b0903;5.413062115
b0904;4.157163498
b0905;1.653611503
b0906;1.245134676
b0907;7.453933259
b0908;7.24708448
b0909;0.675735463
b0910;7.423283269
b0911;14.41773173
b0912;8.084816515
b0913;0.17495085
b0914;1.888650469
b0915;1.614507181
b0916;0.357770714
b0917;4.89059869
b0918;3.400543868
b0919;1.318905219
b0920;1.59440762
b0921;4.167066029
b0922;2.914598327
b0923;5.159895996
b0924;2.29312358
b0925;2.368449814
b0926;6.289881538
b0927;3.234998582
b0928;9.5195276
b0929;18.87496768
b0930;2.956144782
b0931;3.383529185
b0932;2.560021455
b0933;0.828294812
b0934;1.75182694
b0935;1.722927747
b0936;0.929645928
b0937;0.532450625
b0938;0.322997737
b0939;3.006783896
b0940;0.30836776
b0941;0.354754308
b0942;1.130402995
b0943;0.592699979
b0944;0.530970767
b0945;3.56093542
b0946;1.68767989
b0947;1.51323337
b0948;1.753004936
b0949;1.666976606
b0950;0.979502411
b0951;1.375883425
b0952;1.224465995
b0953;12.34227903
b0954;3.91868552
b0955;2.260842066
b0956;2.418603005
b0957;19.20436489
b0958;1.613395447
b0959;1.057371645
b0960;1.526300294
b0961;2.023113587
b0962;2.201714752
b0963;3.417801513
b0964;0.89701985
b0965;2.214671975
b0966;3.126836439
b0967;3.376608457
b0968;1.366739229
b0969;1.009418362
b0970;5.976114874
b0971;0.518707826
b0972;0.285482238
b0973;1.247566502
b0974;0.577301359
b0975;0.094555919
b0976;0.835485007
b0977;0.017276154
b0978;1.422385563
b0979;0.132821949
b0980;0.341192626
b0981;0.46082698
b0982;0.980058278
b0983;0.398304829
b0984;0.184070676
b0985;0.138027514
b0986;0.371670334
b0987;1.080310177
b0988;0
b0989;0.844557787
b0990;1.294073794
b0991;0.509925128
b0992;0.091569551
b0993;0.520708211
b0994;0.588456984
b0995;0.69035366
b0996;1.152307099
b0997;1.684301986
b0998;0.286006446
b0999;1.93023889
b1000;3.944881211
b1001;0.137521712
b1002;1.412310014
b1003;3.488702163
b1004;6.549865311
b1006;0.319418837
b1007;0.95038897
b1008;0.584325162
b1009;0.333473805
b1010;1.626532314
b1011;0.219759029
b1012;0.500071925
b1013;0.627961088
b1014;0.612985811
b1015;3.818298152
b1018;2.679109514
b1019;1.35035551
b1020;1.473076951
b1021;0.291978887
b1022;0.237219069
b1023;0.244094812
b1024;0.319950408
b1025;0.869403936
b1026;1.060611871
b1027;0
b1028;0.627172567
b1029;0.211248964
b1032;0
b1033;4.535661057
b1034;2.986080612
b1035;2.548639066
b1036;1.876175488
b1037;0.881616813
b1038;1.494454638
b1039;0.957153613
b1040;1.823137679
b1041;0.495310612
b1042;0.691780508
b1043;0.043161267
b1044;0.616171555
b1045;1.642694422
b1046;0.391697006
b1047;0.539896297
b1048;5.097160333
b1049;2.047077712
b1050;1.659031758
b1051;9.985704892
b1053;0.408406147
b1054;1.728345794
b1055;4.471408724
b1056;2.388350589
b1057;0.828470775
b1058;0.084732755
b1059;1.653070361
b1060;0.95867102
b1061;2.879994687
b1062;6.895474686
b1063;1.783359691
b1064;4.569550536
b1065;2.413526577
b1066;4.068364669
b1067;7.458085696
b1068;1.705273264
b1069;1.023263499
b1070;1.071666629
b1071;0.650973981
b1072;0.852490855
b1073;0.923973877
b1074;1.385671101
b1075;0.911846405
b1076;0.509710143
b1077;0.445415844
b1078;0.59601972
b1079;0.220456771
b1080;0.546472461
b1081;0.878347873
b1082;0.41845151
b1083;0.662558102
b1084;3.42106309
b1085;0.507650859
b1086;2.08496428
b1087;1.774958369
b1088;13.20435878
b1089;9.034333031
b1090;5.519619239
b1091;6.936851805
b1092;7.85137447
b1093;10.40820797
b1094;15.07832994
b1095;1.474669454
b1096;1.046894104
b1097;1.486588568
b1098;2.082891743
b1099;1.194206217
b1100;2.389778909
b1101;8.479688221
b1102;0.168146891
b1103;4.579975803
b1104;4.831993376
b1105;3.751527852
b1106;4.630224706
b1107;4.128486652
b1108;5.434722521
b1109;1.296334074
b1110;0.389446297
b1111;1.815075768
b1112;2.120419759
b1113;0.932050513
b1114;2.014686496
b1115;0.225945203
b1116;1.762314052
b1117;1.281563474
b1118;1.985788039
b1119;2.293810499
b1120;3.850347012
b1121;0.085930335
b1122;0.433809636
b1123;5.905339386
b1124;5.114314903
b1125;1.658635657
b1126;3.304434099
b1127;1.103619041
b1128;3.07478373
b1129;1.609638375
b1130;5.541309095
b1131;6.431380975
b1132;4.30221165
b1133;3.896281504
b1134;1.320408636
b1135;1.094527855
b1136;17.9671007
b1137;0.077194831
b1138;0.6483765
b1139;0.105556637
b1140;0.512476226
b1141;0.153170803
b1143;2.078318173
b1144;0.392124766
b1145;0.938122348
b1146;2.430851957
b1147;0.273454896
b1148;0.754876196
b1150;4.415726313
b1151;0.500364216
b1152;1.077297451
b1153;0.692144214
b1154;0.650052936
b1155;0.102079192
b1156;0.472288884
b1157;0.173360996
b1158;0.382911363
b1159;0.467989197
b1160;0.057332636
b1161;0.112490911
b1162;1.388964337
b1163;0.373658939
b1164;0.687967481
b1165;1.918369105
b1166;0.342647451
b1167;0.088860822
b1168;0.021505345
b1171;0.828045224
b1172;1.956921978
b1174;5.269641072
b1175;6.017587704
b1176;6.273382228
b1177;1.711677883
b1178;1.954870792
b1179;2.353079172
b1180;1.83893829
b1181;2.44067571
b1182;1.063907315
b1183;0.407402641
b1184;0.359877119
b1185;1.652602843
b1186;1.973982308
b1187;2.168686683
b1188;1.627630795
b1189;1.351345027
b1190;0.784488813
b1191;0.775832749
b1192;2.19947656
b1193;2.304982321
b1194;0.21291119
b1195;2.703324699
b1196;0.209684953
b1197;1.128545442
b1198;1.854118245
b1199;2.919288224
b1200;2.545355402
b1201;0.77033077
b1202;0.158637589
b1203;2.94026392
b1204;2.149218822
b1205;1.07007118
b1206;0.30713749
b1207;4.453981742
b1208;10.00879362
b1209;3.795018001
b1210;2.194583458
b1211;1.460438523
b1212;0.929651818
b1213;0.216747629
b1214;3.462550646
b1215;4.477445954
b1216;1.075072511
b1217;2.229268085
b1218;1.886565415
b1219;2.245479522
b1220;0.844157268
b1221;3.234527384
b1222;3.112464885
b1223;0.534100556
b1224;1.800978834
b1225;2.197068294
b1226;1.45326379
b1227;1.284085858
b1229;0.370713212
b1230;8.205060482
b1231;4.016172072
b1232;4.081469877
b1233;2.869782932
b1234;2.313511014
b1235;3.687327056
b1236;3.312694798
b1237;11.49003556
b1238;1.792609907
b1241;5.048840399
b1242;0.326558231
b1243;6.097823974
b1244;2.813165487
b1245;3.314027406
b1246;2.757114953
b1247;2.147436366
b1248;3.165563066
b1249;2.303888257
b1250;1.440469278
b1251;2.956203682
b1252;2.225868093
b1253;2.698745239
b1254;1.950872231
b1255;2.41537824
b1256;1.013367595
b1257;0.502542036
b1258;1.133271416
b1259;1.384789813
b1260;5.768809621
b1261;8.123064581
b1262;8.06360522
b1263;4.65187775
b1264;4.7498944
b1265;4.73594987
b1266;4.206536266
b1267;2.331762594
b1268;0.46985264
b1269;4.18980872
b1270;0.964800282
b1271;2.035612863
b1272;2.01076156
b1273;1.455456336
b1274;2.567295582
b1275;1.504912299
b1276;2.324627618
b1277;2.271279849
b1278;2.923533428
b1279;1.868507469
b1280;0.899892688
b1281;2.714846975
b1282;3.256504377
b1283;2.684336872
b1284;1.379985797
b1285;1.113602559
b1286;4.333980736
b1287;4.187114053
b1288;5.698026771
b1289;0.162883824
b1290;1.424759962
b1291;0.840682179
b1292;1.071648959
b1293;0.554028571
b1294;1.390970612
b1295;1.556012304
b1296;1.159216783
b1297;2.677857893
b1298;3.480515089
b1299;1.981807885
b1300;1.716937636
b1301;3.084509561
b1302;2.498861362
b1303;0.667723616
b1304;1.783244836
b1305;2.124976395
b1306;1.125463509
b1307;1.129198494
b1308;1.232035358
b1309;0.229208179
b1310;0.171573902
b1311;0.184281905
b1312;0.866925727
b1313;0.660257328
b1314;0.356545598
b1315;0.257689183
b1316;0.147683181
b1317;0.092276128
b1319;0.41377781
b1320;1.195225183
b1321;1.44429114
b1322;1.265871091
b1323;1.443554156
b1324;8.356418276
b1325;2.595589579
b1326;1.106194436
b1327;0.995678508
b1328;0.834443216
b1329;0.797796489
b1330;1.090856924
b1331;0
b1332;4.899286412
b1333;3.479609504
b1334;6.152416738
b1335;0.807634967
b1336;0.26571767
b1337;0.184505504
b1338;1.393016644
b1339;0.662947577
b1340;1.333725148
b1341;1.129071859
b1342;0.878495122
b1343;1.226242561
b1344;1.592668603
b1345;1.051195999
b1346;0.034474009
b1347;0.05364433
b1348;0.098994535
b1349;0.431297559
b1350;0.411115538
b1351;0.102542365
b1352;0.095273097
b1353;0.064264555
b1355;0.401964716
b1356;2.743457559
b1357;0.173528198
b1358;0.255246755
b1359;0.882109362
b1360;0.483989331
b1361;0.487987892
b1362;0.282019665
b1363;0.394743599
b1365;0.87579972
b1366;0.211953332
b1368;0.14395578
b1370;2.445096141
b1372;0.499692758
b1373;0
b1374;0.293131851
b1375;0.146216723
b1376;2.59603869
b1377;0.26253708
b1378;0.957518792
b1379;0.99193837
b1380;1.892288268
b1381;0.775321057
b1382;0.575125748
b1383;1.127670043
b1384;0.199397585
b1385;0.767927658
b1386;0.098128781
b1387;1.492168589
b1388;0.154983298
b1389;0.374947372
b1390;0.682670179
b1391;0.22783574
b1392;1.729413353
b1393;0.688511568
b1394;0.308740301
b1395;1.291114815
b1396;0.175212144
b1397;0.914816428
b1398;0.532734816
b1399;0.662980708
b1400;0.988919019
b1402;2.877704957
b1403;0
b1404;0
b1406;1.378803383
b1407;1.47564351
b1408;0.697029217
b1409;0.190084862
b1410;0.206114667
b1411;0.977201637
b1412;1.820577746
b1413;2.626607693
b1414;0.902868601
b1415;2.71967676
b1418;3.692605952
b1419;1.493948099
b1420;0.466856112
b1421;1.38859106
b1422;1.124476937
b1423;0.409458245
b1424;0.869793411
b1426;0.48141541
b1427;0.809466015
b1428;0.932878792
b1429;0.995141048
b1430;1.545952953
b1431;1.715884802
b1432;1.315733464
b1433;0.473276192
b1434;0.501596694
b1435;2.800671364
b1436;0.632623745
b1438;1.526183231
b1439;0.66146551
b1440;1.096454615
b1441;0.868385706
b1442;0.252906224
b1443;0.696154555
b1444;1.370946148
b1445;1.075394251
b1446;2.003032432
b1447;0.742239241
b1448;2.518209951
b1449;1.668832687
b1450;0.633720017
b1451;0.508870085
b1452;2.981346539
b1453;1.252154061
b1454;0.527176883
b1455;0.223175807
b1456;0.137393826
b1457;0.297942493
b1459;0.180805933
b1460;0
b1461;2.155521102
b1462;0.782902199
b1463;0.623076085
b1464;0.697489372
b1465;0.288332253
b1466;0.69526664
b1467;0.806583605
b1468;0.801015364
b1469;1.36146696
b1471;0.043928864
b1472;0.577951466
b1473;0.931704477
b1474;0.634597625
b1475;1.209529003
b1476;0.200857638
b1477;1.91756365
b1478;2.627380753
b1479;3.215782519
b1480;13.10673234
b1481;0.907185221
b1482;5.84464313
b1483;0.57621613
b1484;0.205659666
b1485;0.220010311
b1486;0.445264177
b1487;0.239947529
b1488;0.915335483
b1489;0.338950015
b1490;0.627632722
b1491;0.805507947
b1492;2.875002928
b1493;5.288459562
b1494;0.188059371
b1495;0.258157879
b1496;0.251072967
b1497;0.051884771
b1498;0.253837577
b1499;0.087873956
b1500;0.052899762
b1501;0.127261291
b1502;0.134754525
b1503;0.241960209
b1504;0.208626376
b1505;0.136674438
b1506;0.347623013
b1507;0.815584233
b1508;1.134824162
b1511;0.277132453
b1512;0.88517657
b1513;0.217027035
b1514;0.707168084
b1515;0.274959786
b1516;0.724486837
b1517;1.41714937
b1518;0.556358795
b1519;1.619085905
b1520;0.915927426
b1521;0.514388997
b1522;0.440265055
b1523;1.994501531
b1524;1.603020981
b1525;1.297307394
b1526;0.329415608
b1527;0.079030443
b1528;0.991824988
b1529;0.868560933
b1530;2.128317487
b1531;2.015422008
b1532;0.258989102
b1533;2.04015772
b1534;1.089458054
b1535;0.53274586
b1536;1.896155777
b1537;0.567543869
b1538;2.077587079
b1539;4.336793202
b1540;1.182983594
b1541;0.847776661
b1542;0.675655948
b1544;0
b1545;0
b1546;0.476044483
b1547;3.563887774
b1548;0.250689382
b1549;0.121515099
b1550;2.874870403
b1551;0.385146611
b1552;0.101727412
b1553;0.264906325
b1554;0.269431303
b1555;0.171190906
b1556;1.363314205
b1557;0.171137087
b1558;0.442427415
b1559;1.836504256
b1560;0.663906171
b1561;0.378280365
b1562;1.003756618
b1563;1.397607885
b1564;2.909886342
b1565;0.451025315
b1566;0.323749446
b1567;0.497774833
b1568;0.096079878
b1569;0.365512358
b1570;2.629670483
b1571;0.243503605
b1572;0.535361012
b1573;0.499019827
b1574;1.236072204
b1575;0.145323729
b1576;0.210429373
b1577;0.157744153
b1578;0
b1579;0.288781364
b1580;0.158450141
b1581;0.136861445
b1582;1.437067078
b1583;5.283872739
b1584;3.506504631
b1585;1.230593785
b1586;1.737689513
b1587;0.091723206
b1588;0.223898066
b1589;0.223745663
b1590;0.961699206
b1591;1.995658176
b1592;0.252547671
b1593;0.299571073
b1594;1.31016964
b1595;2.539980794
b1596;0.234432003
b1597;1.246958361
b1598;1.315606829
b1599;0.609687421
b1600;0.959642131
b1601;0.190838191
b1602;6.615641677
b1603;13.28915242
b1604;2.931347961
b1605;0.584032872
b1606;1.364002597
b1607;1.335198379
b1608;2.055532044
b1609;1.09785864
b1610;0.660897864
b1611;1.1868673
b1612;2.849749633
b1613;1.896509912
b1614;3.301871957
b1615;0.260302642
b1616;2.087444699
b1617;0.945950133
b1618;2.932194646
b1619;3.584009422
b1620;0.670553015
b1621;0.592241297
b1622;0.605556336
b1623;1.411299146
b1624;2.495916371
b1625;1.095283981
b1626;1.043289436
b1627;1.415352189
b1628;2.119341892
b1629;1.804175621
b1630;1.193084912
b1631;1.15037224
b1632;2.208667139
b1633;0.749722462
b1634;0.972985147
b1635;3.633124503
b1636;1.763869743
b1637;4.645118996
b1638;2.635000916
b1639;0.315055098
b1640;1.248531723
b1641;10.17907298
b1642;3.589229418
b1643;0.309268927
b1644;0.232210082
b1645;0.176755761
b1646;3.567451212
b1647;2.310295085
b1648;0.361023456
b1649;0.903634299
b1650;1.02100101
b1651;4.462824076
b1652;1.525584661
b1653;0.343782745
b1654;6.92815672
b1655;1.078340714
b1656;9.885383786
b1657;1.111463024
b1658;3.08875771
b1659;0.994297308
b1660;1.116454047
b1661;3.683955042
b1662;2.078207735
b1663;1.097341794
b1664;2.408442787
b1665;1.624803604
b1666;2.548778953
b1667;5.644847603
b1668;0.800731172
b1669;0.879734964
b1670;0.186109493
b1671;0.38805847
b1672;0.370220662
b1673;0.952747171
b1674;0.169248759
b1675;1.284719031
b1676;5.939354028
b1677;15.98044683
b1678;2.704215559
b1679;1.292317843
b1680;1.49976372
b1681;1.720889077
b1682;1.535920842
b1683;2.285833992
b1684;2.38318213
b1685;4.800923725
b1686;2.068252931
b1687;4.343736017
b1688;1.072402141
b1689;0.141014545
b1690;0.124453611
b1691;0.129131066
b1692;0.308922891
b1693;1.811638227
b1694;0.537225927
b1695;0.358459106
b1696;0.125445631
b1697;0.372346209
b1698;0.828752758
b1699;0.866037076
b1700;1.644902429
b1701;1.140362953
b1702;4.103483682
b1703;2.986654885
b1704;1.936472699
b1705;0.51259108
b1706;2.064472299
b1707;0.412561529
b1708;1.40614394
b1709;1.199868697
b1710;1.963552624
b1711;2.168677848
b1712;6.4117747
b1713;8.464639319
b1714;5.130622789
b1715;0.28163262
b1716;5.855701569
b1717;11.31701736
b1718;14.67286363
b1719;11.25019552
b1722;0.917097323
b1723;3.094875928
b1724;4.038612901
b1725;1.766613738
b1726;1.974566889
b1727;1.601060354
b1728;0.409637889
b1729;4.567835079
b1730;0.225461047
b1731;0.447673179
b1732;3.873619801
b1733;0.746242219
b1734;0.756099839
b1735;0.568933905
b1736;0.470035966
b1737;0.24267459
b1738;1.455091157
b1739;5.017049225
b1740;5.521975231
b1741;2.245279263
b1742;0.626136667
b1743;2.41999893
b1744;0.338914675
b1745;1.328869595
b1746;1.176584865
b1747;1.271596153
b1748;1.388061697
b1749;4.315059171
b1750;0.139378529
b1751;0.507859953
b1752;0.377039788
b1753;1.656107382
b1754;1.375149386
b1755;0.325255073
b1756;0.362291275
b1757;0.496735251
b1758;0.795474364
b1759;0.985993907
b1760;0.568608483
b1761;5.714496631
b1762;0.471741852
b1763;1.236251112
b1764;3.925989097
b1765;3.567289238
b1766;1.534534488
b1767;2.506039777
b1768;1.883643984
b1769;0.317482506
b1770;0.502245328
b1771;0.641894575
b1772;0.433913447
b1773;0.488279446
b1774;0.310517603
b1775;0.287023941
b1776;0.444529402
b1777;7.149487491
b1778;10.93041371
b1779;16.74470135
b1780;2.80990391
b1781;0.805620593
b1782;6.297840375
b1783;3.952641262
b1784;1.307918195
b1785;0.158000146
b1786;0.689564402
b1787;1.72292333
b1788;0.119990477
b1789;1.315204102
b1790;0.269744355
b1791;0.436404173
b1792;1.702587433
b1793;0.833024467
b1794;2.156611485
b1795;5.758465341
b1796;0.614419285
b1797;1.20854464
b1798;0.067274262
b1799;0.681140257
b1800;0.225615217
b1801;0.966749129
b1802;0.598010534
b1803;1.255096107
b1804;1.674994343
b1805;2.168267758
b1806;1.122190888
b1807;2.302211085
b1808;0.873729391
b1809;5.430224048
b1810;4.643675951
b1811;4.044694306
b1812;2.325276252
b1813;1.446904819
b1814;1.055980873
b1815;0.966020244
b1816;0.714029912
b1817;10.58815426
b1818;9.80153254
b1819;2.693827104
b1820;1.029607009
b1821;0.811671076
b1822;1.007364967
b1823;13.5026127
b1824;14.16105371
b1825;1.515663724
b1826;2.124144436
b1827;1.976700535
b1828;0.868591855
b1829;2.799942479
b1830;2.400712187
b1831;6.342589508
b1832;7.619235584
b1833;0.793581471
b1834;0.88829826
b1835;0.649105385
b1836;2.767208908
b1837;1.533614914
b1838;0.645592011
b1839;2.658641829
b1840;3.627558471
b1841;3.839089785
b1842;2.271193708
b1843;0.657135638
b1844;1.882497647
b1845;1.427062945
b1846;0.767653774
b1847;4.414401068
b1848;2.770595648
b1849;3.579267987
b1850;3.487605154
b1851;4.336535515
b1852;4.335784543
b1853;1.507412596
b1854;2.789671824
b1855;2.303350797
b1856;1.062250758
b1857;2.658818528
b1858;1.575837981
b1859;0.882262502
b1860;1.632130005
b1861;2.192295936
b1862;1.198940289
b1863;2.571241869
b1864;5.085777944
b1865;4.037508529
b1866;5.030316408
b1867;1.96276852
b1868;0.631439858
b1869;2.441872848
b1870;2.932702657
b1871;0.970804381
b1872;0.446069632
b1873;0.252735415
b1874;0.539238092
b1875;1.988546759
b1876;2.031890395
b1877;0.117609084
b1878;0.372136379
b1879;0.618630622
b1880;1.17836953
b1881;0.302976219
b1882;1.151013512
b1883;1.022258521
b1884;0.478762709
b1885;1.296068289
b1886;1.068702496
b1887;0.799707788
b1888;0.394423331
b1889;1.099051361
b1890;0.853341957
b1891;1.565263256
b1892;1.226699035
b1893;0
b1894;0.629515307
b1895;0.714769105
b1896;1.991446839
b1897;3.257601386
b1900;0.432574212
b1901;1.115398267
b1902;0.837004622
b1904;0.098390664
b1905;3.245747798
b1906;0.172780612
b1907;1.216541762
b1908;1.828580758
b1909;2.993141227
b1910;2.459016375
b1911;7.92611097
b1912;1.76607186
b1913;2.046323794
b1914;4.253560404
b1915;1.273296885
b1916;0.932749212
b1917;2.088618277
b1918;1.632476777
b1919;3.274542444
b1920;9.892554838
b1921;0.570318787
b1922;0.187292348
b1923;1.603207988
b1924;0.234043559
b1925;0.643573956
b1926;0.587893018
b1927;2.504228608
b1928;4.22414731
b1929;5.207001121
b1930;1.662472243
b1931;1.724651303
b1932;1.114834302
b1936;0.162487428
b1937;0.330440465
b1938;2.511753059
b1939;1.271275885
b1940;1.525427104
b1941;0.427067816
b1942;0.322688513
b1943;0.365691267
b1944;0.349219198
b1945;1.088997899
b1946;0.84438845
b1947;0.060342858
b1948;0.172240722
b1949;0.071094577
b1950;1.883047624
b1951;0.197772245
b1952;1.626147256
b1953;1.404776728
b1954;0.175997499
b1955;1.438155988
b1956;0.360296044
b1957;1.960966922
b1958;3.186973148
b1959;2.552445467
b1960;2.793051201
b1961;1.537855701
b1962;1.806457989
b1963;2.776007068
b1967;2.981839825
b1968;0.456721663
b1969;2.326405656
b1970;0.514615025
b1971;0.399204524
b1972;0.113048914
b1973;0.608809078
b1974;0.292850605
b1975;1.660753105
b1976;1.435070374
b1977;11.65274629
b1978;1.114347642
b1981;0.876773039
b1982;1.896858157
b1983;1.569594601
b1984;12.85922796
b1985;0.419494037
b1986;12.22330877
b1987;1.886539647
b1988;0.44702749
b1989;13.80552708
b1990;0.66124979
b1991;1.837192647
b1992;2.098084213
b1993;1.603688758
b1994;0
b1996;0
b1997;0
b1999;0.714340608
b2000;2.176097751
b2001;0.449450481
b2002;1.431411223
b2003;1.462304175
b2004;0.548606107
b2005;0.435254154
b2006;1.050074694
b2007;8.589006273
b2008;2.214504847
b2009;1.739385091
b2010;2.29839585
b2011;1.04355154
b2012;3.655594782
b2013;2.607907003
b2014;2.631179791
b2015;0.819011465
b2016;1.928372502
b2017;3.261429873
b2018;7.725792707
b2019;6.268522993
b2020;3.607952196
b2021;5.846336499
b2022;4.428154174
b2023;3.739976126
b2024;5.855223008
b2025;5.203570207
b2026;2.969529765
b2027;4.54886934
b2028;0.800215799
b2029;10.96499526
b2030;0
b2032;3.738606705
b2033;3.367309649
b2034;3.42513454
b2035;1.535282515
b2036;2.844573812
b2037;2.788236141
b2038;3.464693127
b2039;5.84844953
b2040;5.453990122
b2041;5.315951049
b2042;6.158593856
b2043;0.482131042
b2044;1.239095973
b2045;0.599360812
b2046;1.921487114
b2047;0.5518802
b2048;2.980956328
b2049;0.380683478
b2050;0.710907486
b2051;0.272988851
b2052;1.118767337
b2053;0.798562187
b2054;0.172077349
b2055;0.788480748
b2056;0.912301406
b2057;0.813020618
b2058;1.112710964
b2059;0.728017145
b2060;0.376402197
b2061;0.427272493
b2062;0.160639962
b2063;1.20953931
b2064;1.300024148
b2065;2.344507041
b2066;1.772249714
b2067;0.640403674
b2068;0.743476873
b2069;0.335009618
b2070;0.75618598
b2071;0.160464956
b2072;0.61798935
b2073;0.488763161
b2074;0.520287077
b2075;3.311318015
b2076;0.504951775
b2077;0.527099577
b2078;1.187730919
b2079;1.307734133
b2080;5.283916914
b2081;3.081483583
b2082;0.780538844
b2083;0.182874789
b2085;0.184626616
b2086;0.704121491
b2088;0
b2089;0
b2091;3.00646731
b2092;7.083939362
b2093;11.61103786
b2094;12.36599357
b2095;14.55227363
b2096;14.62621498
b2097;7.626296199
b2098;0.227027119
b2099;0.927984218
b2100;0.784571273
b2101;0.876830467
b2102;0.569092934
b2103;1.773056641
b2104;3.875931618
b2105;1.003521018
b2106;0.214809604
b2107;0.859647919
b2108;0.658067728
b2109;0.373956383
b2110;0.10001063
b2111;0.0584401
b2112;1.768194462
b2113;3.838574412
b2114;2.355186313
b2118;0.15883645
b2119;0.41462744
b2120;1.256386749
b2121;1.439367852
b2122;0.229074624
b2123;0.213137365
b2124;0.479504847
b2125;0.620326936
b2126;0.881220711
b2127;1.444494344
b2128;1.455241351
b2129;1.622217902
b2130;1.422396607
b2131;0.938859332
b2132;0.950490572
b2133;2.373230271
b2134;1.793815144
b2135;0.842910801
b2136;0.893184736
b2137;1.411050294
b2139;0.958679119
b2140;0.654934257
b2141;0.388743181
b2142;0.453242157
b2143;1.086917263
b2144;1.068340262
b2145;0.883260854
b2146;1.726121589
b2147;0.421831623
b2148;1.944053841
b2149;1.083176389
b2150;2.239984906
b2151;0.343934412
b2152;0.696251004
b2153;7.100961407
b2154;2.9820018
b2155;1.942059346
b2156;3.443599631
b2157;1.618964424
b2158;1.318067369
b2159;1.499796114
b2160;0.748976643
b2161;0.482874652
b2162;0.377523503
b2163;0.181673821
b2164;0.495471114
b2165;0.70872672
b2166;0.409595187
b2167;0.567733085
b2168;1.187786137
b2169;1.270869477
b2170;0.777300091
b2171;2.504846319
b2172;0.430097475
b2173;1.211435884
b2174;0.355561235
b2175;4.89678317
b2176;0.890976729
b2177;0.751286252
b2178;0.383353112
b2179;0.81051075
b2180;0.654881984
b2181;3.176378544
b2182;0.446090983
b2183;2.567928755
b2184;0.564483288
b2185;15.23586485
b2186;1.960140116
b2187;4.30518609
b2188;1.734643656
b2189;0.495937895
b2190;1.818385201
b2192;14.35036507
b2193;1.4135528
b2194;0.734914313
b2195;1.248942549
b2196;1.454420435
b2197;0.384174764
b2198;0.504931896
b2199;1.306969172
b2200;1.290677484
b2201;0.733181922
b2202;1.234802913
b2203;1.517988794
b2204;1.156003798
b2205;1.794673609
b2206;1.470065698
b2207;1.26747832
b2208;0.413132857
b2209;2.869090859
b2210;1.051377116
b2211;2.100069137
b2212;1.086403362
b2213;2.746812639
b2214;0.425421566
b2215;12.98698902
b2216;5.49890123
b2217;5.273594721
b2218;1.30510941
b2219;0.629092701
b2220;1.235178399
b2221;0.284801209
b2222;1.590396542
b2223;0.4742046
b2224;0.369680256
b2225;0.807922839
b2226;2.97109061
b2229;0.464545767
b2230;0.857202104
b2231;2.551753394
b2232;2.882218155
b2233;1.833073342
b2234;2.80737858
b2235;3.11099239
b2236;0.859312926
b2237;1.413203819
b2238;0.189444032
b2239;0.653653923
b2240;0.944810421
b2241;0.669303603
b2242;0.781450319
b2243;0.466955506
b2244;2.465833292
b2245;0.554113976
b2246;0.184073768
b2247;1.282914488
b2248;0.314150249
b2249;0.814109529
b2250;0.880512441
b2251;0.509423007
b2252;0.034870456
b2253;0.599251847
b2254;0.85525252
b2255;1.666806533
b2256;0.235876153
b2257;0.889273052
b2258;0.152787292
b2259;1.871518722
b2260;0.988608322
b2261;2.539450695
b2262;3.260583189
b2263;2.644189287
b2264;1.419335289
b2265;1.35528616
b2266;9.15642498
b2267;2.300096582
b2268;1.663265182
b2269;0.052160054
b2270;0.30389454
b2271;0.197160128
b2272;0.105901421
b2273;0.091707082
b2274;0.274388458
b2275;0.323558022
b2276;3.062473669
b2277;3.417087353
b2278;4.583811654
b2279;3.479197206
b2280;4.666639515
b2281;5.506079644
b2282;4.806003834
b2283;5.267682653
b2284;5.608440156
b2285;8.973570512
b2286;6.945907651
b2287;7.511765513
b2288;6.844931285
b2289;1.85648749
b2290;1.037470134
b2291;1.259185963
b2292;0.961836885
b2293;2.434932978
b2294;6.196989171
b2295;1.445932972
b2296;4.734447924
b2297;1.459371701
b2298;1.191431299
b2299;2.795686968
b2300;3.326116593
b2301;1.156619301
b2302;0.976405753
b2303;5.562836976
b2304;3.1783885
b2305;1.091829507
b2306;3.0999634
b2307;1.80949501
b2308;3.289061248
b2309;8.333756573
b2310;2.999995693
b2311;0.429306745
b2312;2.889168333
b2313;6.307499944
b2314;2.520220643
b2315;2.415234672
b2316;4.239652686
b2317;2.00696694
b2318;3.160858443
b2319;2.217607394
b2320;1.542753957
b2321;2.149821809
b2322;0.773830155
b2323;7.391300671
b2324;0.469933627
b2325;1.409868617
b2326;1.575288004
b2327;3.087248403
b2328;1.687372875
b2329;4.376867162
b2330;4.623922426
b2331;2.152399412
b2332;1.683101166
b2333;0.480906662
b2334;0.419395379
b2335;0.343737098
b2336;1.037744755
b2339;0.065259446
b2340;3.102753778
b2341;1.767421402
b2342;1.608793899
b2343;1.137405446
b2344;0.634736039
b2345;0.274135189
b2346;3.278312032
b2347;1.405215532
b2348;0.163363784
b2349;0.472679831
b2350;1.535249384
b2351;3.507476478
b2352;0.668344272
b2353;1.392923141
b2354;0.460634083
b2355;0.047106156
b2356;0.766014887
b2357;0.201847007
b2358;0.572132901
b2359;0.211995592
b2360;0.179063824
b2361;2.274754201
b2362;0.126982032
b2363;0.571572616
b2364;0.199419746
b2365;0.285164179
b2366;0.976738537
b2367;0.138494148
b2368;0.103467534
b2369;3.751623564
b2370;0.323893751
b2371;0.152891471
b2372;0.251409433
b2373;0.297991086
b2374;0.428750878
b2375;1.025578262
b2376;0.160097716
b2377;1.367772921
b2378;0.392565042
b2379;2.549191252
b2380;0.774899187
b2381;0.986212572
b2382;0.979886732
b2383;0.32722159
b2384;2.708876006
b2385;0.625030823
b2386;0.439666486
b2387;0.217227736
b2388;1.658048867
b2389;0.50264732
b2390;0.406974881
b2392;0.869103547
b2393;2.810316209
b2394;0
b2395;0.689744783
b2396;5.085549707
b2397;5.741384396
b2398;0.987227858
b2399;0.86087598
b2400;4.305024116
b2401;0
b2402;13.74866667
b2403;13.13125675
b2404;0
b2405;0.559843455
b2406;0.14052575
b2407;0.630157315
b2408;0.939262059
b2409;0.317199051
b2410;1.349452134
b2411;2.366093822
b2412;1.624316208
b2413;0.683126653
b2414;16.37037095
b2415;14.15952231
b2416;13.00689715
b2417;10.21813828
b2418;1.641498756
b2419;0.494517673
b2420;0.613338474
b2421;2.795458731
b2422;2.988061118
b2423;3.083235853
b2424;3.539341277
b2425;5.609264753
b2426;1.719894407
b2427;2.465340006
b2428;1.070703617
b2429;1.322592347
b2430;2.162117881
b2431;1.298624541
b2432;1.783217595
b2433;1.60335671
b2434;1.712677707
b2435;2.015187881
b2436;0.827422359
b2437;0.975419182
b2438;1.424491232
b2439;0.72987028
b2440;1.063738714
b2441;2.426510305
b2442;0.939854002
b2443;0.752805867
b2444;0.246438288
b2445;0.204306884
b2446;0.826245099
b2447;1.665709524
b2448;0.274117519
b2449;1.370524278
b2450;2.698413927
b2451;0.598882251
b2452;1.740397431
b2453;0.666552982
b2454;1.772948413
b2455;0.582891688
b2456;0.572002585
b2457;1.234372944
b2458;0.671610267
b2459;0.730124286
b2460;1.125120418
b2461;0.222360781
b2462;0.112209665
b2463;3.102385654
b2464;6.798105934
b2465;4.134303009
b2466;0.360693617
b2467;1.02887297
b2468;1.445159912
b2469;0.480217535
b2470;4.226002654
b2471;2.045509504
b2472;1.022681127
b2473;0.749727616
b2474;0.918562456
b2475;2.26848358
b2476;6.487556672
b2477;3.899513631
b2478;7.712098501
b2479;6.376736674
b2480;9.430161859
b2481;5.939398203
b2482;1.006386494
b2483;0.606492107
b2484;1.068881404
b2485;0.542451813
b2486;0.75330578
b2487;1.168526635
b2488;0.423240065
b2489;0.384667314
b2490;1.068274
b2491;0.935999746
b2492;0.605087346
b2493;1.631649235
b2494;2.679300938
b2495;1.799641808
b2496;2.53158757
b2497;3.259199043
b2498;7.938148619
b2499;5.382625637
b2500;4.916315821
b2501;3.714428332
b2502;1.694829591
b2503;0.125474344
b2504;2.503904659
b2505;0.128723037
b2506;0.431168716
b2507;4.593058924
b2508;7.59912866
b2509;1.676499234
b2510;0.62585542
b2511;1.724145501
b2512;3.007829368
b2513;3.987134464
b2514;4.196847247
b2515;2.712174396
b2516;3.538155918
b2517;1.583513363
b2518;7.704286913
b2519;0.84236745
b2520;1.909067352
b2521;2.46035561
b2522;2.155692648
b2523;2.785232251
b2524;4.281589353
b2525;3.214899021
b2526;4.500122382
b2527;3.676099279
b2528;8.980859364
b2529;8.190033667
b2530;7.199478707
b2531;5.476961049
b2532;2.964515918
b2533;1.2427912
b2534;0.514655519
b2535;0.295151378
b2536;0.986000533
b2537;0.867202556
b2538;0.616709752
b2539;0.484065901
b2540;1.380384843
b2541;1.337888628
b2542;0.821986642
b2543;1.602525486
b2544;1.629508227
b2545;0.346635705
b2546;0.268593968
b2547;0.171451096
b2548;0.342747581
b2549;3.743907688
b2550;0.950401486
b2551;9.512474347
b2552;1.170514503
b2553;2.522951385
b2554;1.999221614
b2555;2.917322443
b2556;1.330850101
b2557;3.099624726
b2558;0.207782121
b2559;1.673237656
b2560;1.084735761
b2561;0.76093625
b2562;3.423772482
b2563;2.6558809
b2564;2.807312318
b2565;0.866489132
b2566;1.531696253
b2567;3.400558593
b2568;1.678574716
b2569;2.754582261
b2570;1.411663589
b2571;2.135371476
b2572;4.924885743
b2573;4.083310496
b2574;2.000660242
b2575;1.914923466
b2576;1.753233173
b2577;0.468496472
b2578;1.660745742
b2579;2.875988027
b2580;1.776273307
b2581;1.72791877
b2582;1.314013589
b2583;0.463155731
b2584;1.346139756
b2585;2.992000043
b2586;0.704237818
b2587;8.542850907
b2588;19.71840564
b2589;13.75017598
b2590;12.71545352
b2591;12.80688812
b2592;2.156933225
b2593;1.398504634
b2594;2.906985526
b2595;4.802116446
b2597;7.226278121
b2598;0.453768574
b2599;5.030618269
b2600;2.4043198
b2601;5.958776241
b2602;0.406839412
b2603;1.199230371
b2604;1.155375043
b2605;1.080670202
b2606;7.715801826
b2607;14.55086739
b2608;14.60929601
b2609;10.68551565
b2610;3.01098787
b2611;1.875250761
b2614;3.593256693
b2615;1.080488349
b2616;0.882280172
b2617;2.253235891
b2618;1.414727851
b2619;1.542007401
b2620;3.755157553
b2621;15.23990685
b2622;1.161361472
b2623;0.104218654
b2624;0.084835756
b2625;0.282285451
b2626;0.150679857
b2627;0.491797238
b2628;0.724357994
b2629;0.248786918
b2630;2.884971721
b2631;1.11471503
b2632;0.462230268
b2633;0.8230623
b2634;3.948061801
b2635;0
b2636;0.156563212
b2637;0.268484488
b2638;1.67131016
b2641;0.073240739
b2642;0.246237293
b2643;1.002154543
b2644;0.593032763
b2645;0.089424714
b2646;0.22034869
b2647;0.694905879
b2648;0.197482089
b2650;1.351825797
b2652;0.314483769
b2659;0.759374669
b2660;1.455889249
b2661;2.488313878
b2662;1.659896113
b2663;0.888874742
b2664;6.645864643
b2665;3.5674733
b2666;1.80911437
b2667;0.674893931
b2668;0.530418581
b2669;6.696003108
b2670;0.035497371
b2671;1.397784584
b2672;7.365031355
b2673;1.790253914
b2674;0.924034249
b2675;0.758362328
b2676;0.397667239
b2677;1.734879992
b2678;1.61704429
b2679;1.650695226
b2681;0.065303547
b2682;1.961801091
b2683;3.716843224
b2684;6.145540185
b2685;1.892586449
b2686;0.36040869
b2687;6.000484671
b2688;6.183780888
b2689;2.91594566
b2690;1.597926884
b2691;3.282677981
b2692;2.791551465
b2693;0
b2694;3.602084302
b2695;7.610879173
b2696;5.108167235
b2697;7.811948408
b2698;0.246254374
b2699;3.771031052
b2700;1.600910159
b2701;1.713121665
b2702;1.179186765
b2703;0.923138972
b2704;0.309425012
b2705;0.75308196
b2706;0.544419067
b2707;1.17350146
b2708;3.121366119
b2709;0.742234823
b2710;1.039523529
b2711;1.875540106
b2712;0.699293915
b2713;0.226262452
b2714;2.678100854
b2715;1.54925576
b2716;0.363690882
b2717;3.292418537
b2718;1.049193406
b2719;0.532964526
b2720;0.351076014
b2721;0.205619908
b2722;1.73999544
b2723;0.251215799
b2724;0.444295275
b2725;0.037007334
b2726;0.859015482
b2727;2.462961926
b2728;0.898122749
b2729;0.763760496
b2730;1.383381371
b2731;1.073979183
b2732;0.389544954
b2733;2.179599345
b2734;0.22992845
b2735;2.75175507
b2736;0.224317286
b2737;0.108387435
b2738;0.636532484
b2739;0.304814629
b2740;0.610500975
b2741;8.371261028
b2742;13.96191344
b2743;3.101561057
b2744;2.424375187
b2745;3.456763739
b2746;3.268210714
b2747;2.046980527
b2748;2.700475421
b2749;1.734518494
b2750;4.228498534
b2751;6.398242468
b2752;10.58172682
b2753;0.689280211
b2754;0.619134951
b2755;0.719051121
b2756;1.319288068
b2757;0.397956584
b2758;0.128598317
b2759;0.220852431
b2760;0.258346358
b2761;0.118157294
b2762;5.70230437
b2763;6.42274479
b2764;6.832746386
b2765;0.846407241
b2766;0.145909782
b2767;0.325006221
b2768;0.120845114
b2769;0.88903598
b2770;1.137214758
b2771;0.186919292
b2774;1.602400324
b2775;0.638949585
b2776;0.318237896
b2777;1.641875715
b2778;0.054290092
b2779;12.8393051
b2780;6.335219669
b2781;2.868339887
b2782;2.344978239
b2783;2.884161849
b2784;2.034393637
b2785;2.415275166
b2786;0.800820995
b2787;0.916358131
b2788;1.58148721
b2789;1.027532263
b2790;1.657174941
b2791;1.251249949
b2792;2.190643796
b2793;1.563905615
b2794;1.498662293
b2795;1.697601564
b2796;0.943169325
b2797;2.84745254
b2798;0.52692435
b2799;0.333660076
b2800;0.08565358
b2801;0.202471493
b2802;0.853466383
b2803;2.713661616
b2804;3.062076095
b2805;0.702576107
b2806;1.719769245
b2807;1.644363496
b2808;0.71438552
b2809;0.796813599
b2810;2.825254674
b2811;1.452439193
b2812;3.29299281
b2813;1.956075293
b2814;10.45515112
b2815;9.136708268
b2816;9.044743573
b2817;1.064133343
b2818;3.704665688
b2819;0.940900946
b2820;1.41194778
b2821;1.972509813
b2822;0.681652685
b2823;0.983051861
b2824;0.216233655
b2825;1.47649314
b2826;0.456564842
b2827;3.429301702
b2828;2.884375361
b2829;3.129251331
b2830;4.994623122
b2831;0.52765618
b2832;0.210221235
b2833;0.690095973
b2834;2.494745738
b2835;0.692559458
b2836;2.335480644
b2837;1.304331933
b2838;1.554616379
b2839;0.296057699
b2840;1.926441325
b2841;0.519551566
b2842;1.390177673
b2843;0.421400182
b2844;0.622727104
b2845;0.085214556
b2846;0.15667387
b2847;0.143571754
b2848;0.161193473
b2849;0.038055758
b2850;0.02140816
b2851;0.040205969
b2852;0.095649909
b2853;0.056104648
b2854;0.042810077
b2856;0.175253668
b2858;0.145283898
b2859;0.15377725
b2860;2.083079486
b2861;0
b2863;0.393101767
b2864;1.901143119
b2865;1.747774633
b2866;0.31012592
b2867;0.393549405
b2868;0.521423844
b2869;0.601839758
b2870;0.2022021
b2871;1.049169109
b2872;1.166413604
b2873;0.575190537
b2874;0.229133303
b2875;1.041333226
b2876;0.449520425
b2877;0.246178025
b2878;0.748587168
b2879;0.286832516
b2880;0.523955063
b2881;0.247359334
b2882;0.284662794
b2883;0.177619527
b2886;2.38316446
b2887;0.346844063
b2888;0.205209303
b2889;0.65126848
b2890;3.384824981
b2891;6.959417795
b2892;1.438845852
b2893;2.67541355
b2894;3.004501528
b2895;2.182470711
b2896;2.0065274
b2897;3.628324169
b2898;4.196486486
b2899;2.041806179
b2900;2.231534255
b2901;2.128209259
b2902;0.948007209
b2903;1.904420157
b2904;8.423998448
b2905;3.562996914
b2906;1.286220976
b2907;1.556746343
b2908;2.94359176
b2909;5.51198435
b2910;3.687047282
b2911;5.114167654
b2912;0.935183247
b2913;12.73983804
b2914;4.621389734
b2915;1.591042968
b2916;0.858561953
b2917;0.492755832
b2918;0.404587967
b2919;1.291839282
b2920;0.301632567
b2921;0.247035385
b2922;3.300502537
b2923;0.798208788
b2924;5.267395516
b2925;6.261403479
b2926;8.134579494
b2927;5.147438685
b2928;0.561363806
b2929;1.144274637
b2930;0.518123982
b2933;0.227694969
b2934;0.072440953
b2935;5.251838603
b2936;1.612114376
b2937;4.433455157
b2938;3.078310356
b2939;2.704053584
b2940;0.659084486
b2942;6.559488068
b2943;0.897129551
b2944;0.54660425
b2945;0.441725771
b2946;2.477753142
b2947;2.509919802
b2948;2.458942014
b2949;1.70486612
b2950;0.811227855
b2951;2.751732983
b2952;2.938990212
b2953;3.065462834
b2954;3.381467691
b2955;0.783114238
b2956;0.478800258
b2957;0.268846207
b2958;2.506083952
b2959;4.627176641
b2960;4.778976183
b2961;1.749801523
b2962;3.41734504
b2963;1.793895395
b2964;0.375655642
b2965;1.030017835
b2966;1.173230521
b2967;0.802041693
b2968;0.686157048
b2969;1.37834691
b2970;0.436451293
b2971;0.43169366
b2972;1.311592807
b2975;0.772150038
b2976;1.001599412
b2977;5.059243578
b2979;0.800525023
b2980;1.7529453
b2981;0.677337537
b2982;0
b2983;1.413683116
b2984;0.630060867
b2985;0.185732313
b2986;0.686825561
b2987;0.535637841
b2988;2.11967394
b2989;3.795018001
b2990;0.793028549
b2991;0.430989808
b2992;0.639318445
b2993;3.012342566
b2994;0.363175582
b2995;0.161454767
b2996;0.917409492
b2997;0.521598334
b2998;0.083971769
b3001;0.940770631
b3002;1.854931062
b3003;3.021501487
b3005;3.772864309
b3006;3.896855777
b3008;2.34784077
b3009;3.908076191
b3010;4.162692718
b3011;1.692205605
b3012;2.487994347
b3013;0.176772989
b3014;0.363826351
b3017;1.843943302
b3018;1.760245196
b3019;2.515993845
b3020;0.500122726
b3021;0.618123347
b3022;0.904994148
b3023;0.933239553
b3024;2.858901192
b3025;0.973167
b3026;1.280841951
b3027;0.394742863
b3028;2.732899767
b3029;2.647715913
b3030;1.087854506
b3031;1.318333154
b3032;2.594999109
b3033;2.629412797
b3034;2.00101585
b3035;3.510730693
b3037;3.633787126
b3038;2.311688065
b3039;0.164786214
b3040;1.606346612
b3041;1.630586093
b3042;3.225199126
b3043;0.277318724
b3044;5.801616816
b3045;0
b3046;0.159147735
b3047;0.123654119
b3048;0.20020142
b3049;3.239393981
b3050;0.274174946
b3051;0.338722515
b3052;1.453037026
b3053;3.863997044
b3054;3.168139933
b3055;1.758322853
b3056;1.905922839
b3057;1.030953606
b3058;2.201892188
b3059;0.68279166
b3060;0.540230554
b3061;0.526836736
b3062;0.434671046
b3063;2.05352356
b3064;4.016260422
b3065;10.54455368
b3066;3.173558715
b3067;2.962918261
b3068;1.770699176
b3069;0.363788066
b3070;1.380374536
b3071;1.196144021
b3072;1.179105041
b3073;1.879231652
b3074;1.042037815
b3075;2.134525528
b3076;0.68525809
b3077;0.240618251
b3078;0.848303815
b3079;0.547478912
b3080;2.405343185
b3081;0.692437977
b3082;1.414127073
b3083;0.332204514
b3084;0.595802527
b3085;0.744780032
b3086;0.360462436
b3087;1.075283078
b3088;0.501880149
b3089;1.109017945
b3090;0.15226809
b3091;1.058383249
b3092;2.131714534
b3093;1.027453485
b3094;2.30220225
b3095;2.081940511
b3096;0.839616092
b3097;7.293306108
b3098;7.512818347
b3099;4.577273774
b3100;2.707690648
b3101;0.3103652
b3102;0.83127367
b3103;1.622669959
b3104;0.268117101
b3105;1.053741207
b3106;0.18595039
b3107;1.400597786
b3110;1.015596216
b3113;0.380606172
b3114;2.01539992
b3115;0.207220511
b3116;0.465993966
b3117;0.166512053
b3118;0.765613632
b3119;0.01733272
b3120;0.636192337
b3121;0.120690428
b3123;12.24248802
b3124;0.865707237
b3125;1.308679475
b3126;0.826905513
b3127;1.649520911
b3128;0.737793778
b3129;2.882910228
b3130;1.472764782
b3131;2.633160297
b3132;0.87953544
b3133;1.156663476
b3134;0.714811807
b3135;0.279556181
b3136;1.290237207
b3137;3.6774098
b3138;0.671538115
b3139;2.217041956
b3140;0.81548852
b3141;0.292746794
b3142;0.273290713
b3143;0.426156342
b3144;0.098030345
b3145;0.138830981
b3146;1.851095212
b3147;2.079169275
b3148;1.808396529
b3149;2.308387467
b3150;2.1749227
b3151;1.150940623
b3152;1.267110932
b3153;1.592058253
b3154;0.73783648
b3155;4.510503474
b3156;1.431499573
b3157;2.34026699
b3158;0.990247209
b3159;0.655392204
b3160;2.365740423
b3161;0.875734194
b3162;2.498544776
b3163;5.993902617
b3164;7.647669468
b3165;7.596198394
b3166;3.230816696
b3167;2.829532273
b3168;5.147836259
b3169;7.742233117
b3170;5.670402759
b3171;10.59476577
b3172;3.625916639
b3173;0.510024521
b3174;0.201651092
b3175;5.126102228
b3176;3.150469989
b3177;2.486389327
b3178;4.742443574
b3179;4.231907361
b3180;3.5162231
b3181;1.844808393
b3182;0.426746812
b3183;2.11089934
b3184;2.556499982
b3185;7.017986296
b3186;16.84455862
b3187;2.829635347
b3188;0.240120253
b3189;2.343995349
b3190;3.460930901
b3191;3.725950608
b3192;3.630893673
b3193;3.216621841
b3194;2.10358472
b3195;2.130987858
b3196;3.082308181
b3197;2.857583308
b3198;4.209959818
b3199;3.7047614
b3200;3.775345463
b3201;3.25859532
b3202;7.689642947
b3203;8.698552562
b3204;5.118091854
b3205;3.156831169
b3206;1.873090611
b3207;3.605323792
b3208;1.059238769
b3209;1.331539965
b3210;1.774119047
b3211;0.90936525
b3212;12.47419989
b3213;10.10714894
b3214;0.594751901
b3215;0.216254932
b3216;0.609714663
b3218;0
b3219;0.468397078
b3220;0.212205865
b3221;0.547969253
b3222;0.502314536
b3223;1.132361414
b3224;1.004251376
b3225;0.534224982
b3226;1.390014963
b3227;0.784007307
b3228;2.534834423
b3229;5.692460739
b3230;12.03787008
b3231;17.19771453
b3232;2.341784397
b3233;3.424177418
b3234;1.828956245
b3235;2.183248189
b3236;12.38825034
b3237;2.627498553
b3238;0.451502403
b3239;0.875182744
b3240;0.149382146
b3241;0.625964385
b3242;1.133923731
b3243;0.572305919
b3244;2.421135697
b3247;1.62265597
b3248;2.397605222
b3249;1.797403615
b3250;1.733453144
b3251;4.45302462
b3252;0.659741955
b3253;1.486634215
b3255;7.470410482
b3256;3.447030545
b3257;0.894618946
b3258;0.713795049
b3259;1.21505675
b3260;5.563897173
b3261;7.213496862
b3262;0.202649223
b3263;0.340393797
b3264;0.196999258
b3265;5.245352261
b3266;0.507107508
b3267;0.930276156
b3268;0.871705447
b3269;0.220564926
b3270;0.339290162
b3271;0.396014363
b3272;18.27989552
b3273;7.071511501
b3274;19.77565626
b3275;13.91899757
b3276;6.457267443
b3277;8.62214478
b3278;0
b3279;3.127160388
b3280;1.051328524
b3281;2.632784811
b3282;2.409333647
b3283;3.023938466
b3284;5.84853788
b3287;4.899890135
b3288;2.836401463
b3289;2.034992207
b3290;0.875519946
b3291;6.428148848
b3292;1.598650615
b3293;1.520888874
b3294;11.57919515
b3295;13.67066123
b3296;12.49840035
b3297;14.20004538
b3298;14.50289349
b3299;16.81873105
b3300;13.05934744
b3301;14.95143766
b3302;11.69908572
b3303;13.50767809
b3304;13.78137815
b3305;14.85290563
b3306;16.45506888
b3307;15.74004725
b3308;18.24057989
b3309;15.10952475
b3310;17.11067534
b3311;13.14255815
b3312;10.6442048
b3313;13.93493733
b3314;16.28461283
b3315;18.13659227
b3316;19.75554197
b3317;16.24997237
b3318;17.2871539
b3319;17.108739
b3320;16.51755422
b3321;15.74553965
b3322;0.6723259
b3323;0.626065987
b3324;0.423379215
b3325;0.114107859
b3326;1.809858717
b3327;0.99230134
b3328;0.107190665
b3329;1.215714956
b3330;0.505908897
b3331;0.165423069
b3332;0.199779771
b3333;0.13909257
b3334;0.240024393
b3335;0.328855324
b3336;3.92478165
b3337;1.608098145
b3338;0.407226678
b3339;20.17612344
b3340;15.58477262
b3341;13.35163776
b3342;15.40043093
b3343;1.734860849
b3344;1.904697722
b3345;2.291948529
b3346;2.816201036
b3347;2.197048415
b3348;2.020890119
b3349;8.793948171
b3350;1.504326246
b3351;4.443836249
b3352;3.191663045
b3353;2.253962568
b3354;2.929875466
b3355;2.223185943
b3356;3.58774956
b3357;7.632598478
b3358;2.083597068
b3359;4.869203333
b3360;0.799612812
b3361;1.571956484
b3362;1.132108144
b3363;2.63316766
b3364;0.922053006
b3365;0.385238642
b3366;0.221761991
b3367;0.710984792
b3368;1.867169707
b3369;0.172310518
b3370;0.209031459
b3371;0.175199554
b3374;0.416209636
b3375;0.830023522
b3376;0.961003452
b3377;0.939251015
b3378;0.675490292
b3379;0.117108878
b3380;0.238284346
b3381;0.50558642
b3382;0.452882868
b3383;0.345306778
b3384;1.915553694
b3385;4.40584587
b3386;2.920606108
b3387;4.346703095
b3388;3.989453645
b3389;5.093722056
b3390;6.439015864
b3391;0.721609582
b3392;0.531020095
b3393;0.509570992
b3394;0.637951969
b3395;0.918288572
b3396;1.987918004
b3397;1.851012752
b3398;0.485706997
b3399;2.266918318
b3400;3.824401645
b3401;2.388696625
b3402;0.539038569
b3403;1.993836699
b3404;0.910802406
b3405;1.232318813
b3406;0.807506123
b3407;2.44452334
b3408;2.135015868
b3409;1.448576837
b3410;1.040716986
b3411;0.341986301
b3412;1.525770932
b3413;3.165202305
b3414;6.041103455
b3415;0.468132029
b3416;1.88126296
b3417;2.827006943
b3418;1.576849586
b3421;2.168538697
b3422;1.272002562
b3423;1.976005517
b3424;2.969824264
b3425;1.899173656
b3426;0.927510074
b3427;0.41293996
b3428;2.001984015
b3429;2.861397071
b3430;5.218552847
b3431;4.369077662
b3432;4.781744474
b3433;7.304379273
b3434;0.607041347
b3437;0.129934238
b3438;3.844515931
b3439;0.498413895
b3440;3.374546963
b3441;0.332549078
b3442;0.175638873
b3443;0.522417778
b3444;0
b3445;0
b3446;1.1983535
b3447;1.169210609
b3448;1.419643777
b3449;3.340502872
b3450;2.007028048
b3451;0.635896366
b3452;1.174736147
b3453;1.257298224
b3454;4.917214043
b3455;6.524030381
b3456;5.518831454
b3457;7.756722471
b3458;7.34759701
b3459;0.628173864
b3460;12.73893982
b3461;3.075645139
b3462;2.006138661
b3463;3.533377671
b3464;3.424869491
b3465;1.461499456
b3466;1.118915323
b3467;1.003804474
b3468;1.097318234
b3469;2.240350085
b3470;1.031198777
b3471;0.701520328
b3472;2.823350001
b3473;0.735210285
b3474;0.62901245
b3475;1.232220156
b3476;0.596797197
b3477;2.285499736
b3478;0.512649244
b3479;1.492175215
b3480;0.834567642
b3481;0.741089958
b3482;0.093997327
b3483;0.110262511
b3484;0.083739778
b3485;1.605125177
b3486;1.18586085
b3487;4.262373289
b3488;0.134986591
b3491;0.30046046
b3492;0.89238738
b3493;2.732590543
b3494;1.129014432
b3495;12.00152889
b3496;1.039896806
b3497;3.88714467
b3498;1.800202092
b3499;1.368816184
b3500;3.310073756
b3501;1.229613103
b3502;0.698398638
b3503;0.668174199
b3504;0.0720249
b3505;0
b3506;2.420973722
b3507;0.248066795
b3508;0.55971093
b3509;10.61221484
b3510;11.94091362
b3511;3.542455604
b3512;2.226044793
b3513;0.869459891
b3514;0.416594693
b3515;1.247978064
b3516;2.944696131
b3517;2.690262929
b3518;1.350445332
b3519;2.905822255
b3520;0.859309245
b3521;0.722598362
b3522;1.324329891
b3523;4.046829425
b3524;0.524362208
b3525;0.646375378
b3526;0.572293403
b3527;1.305314823
b3528;0.763950448
b3529;1.538469731
b3530;0.726213338
b3531;0.42516977
b3532;0.33048464
b3533;0.978473873
b3534;0.422522959
b3535;1.934464215
b3536;1.266507209
b3537;1.20818167
b3538;0.640849104
b3539;0.291838853
b3540;2.027279276
b3541;2.85934294
b3542;3.023886929
b3543;2.0947041
b3544;5.775833424
b3545;0.458884759
b3546;0.651574759
b3547;0.110539045
b3548;1.568391572
b3549;1.499607635
b3550;1.493110249
b3551;1.129708713
b3552;0.984355019
b3553;2.56092704
b3554;2.812561764
b3555;3.6498226
b3556;4.108615328
b3557;0.303486438
b3558;0.122886655
b3559;4.590253821
b3560;3.543567338
b3561;0.240036615
b3562;0.164254938
b3563;0.029966531
b3564;0.307129392
b3565;1.315613455
b3566;0.13949331
b3567;0.153369737
b3568;0.358106443
b3569;0.275895999
b3570;1.821924343
b3571;0.639730743
b3572;3.168213557
b3573;1.137942171
b3574;1.174430605
b3575;0.740772636
b3576;0.078023183
b3577;0.241574931
b3578;0.575147835
b3579;0.250212294
b3580;0.59784046
b3581;0.395789071
b3582;1.566828519
b3583;0.766416142
b3584;0.251279853
b3585;0.425327327
b3586;0.207051174
b3587;0.110952227
b3588;1.794403406
b3589;2.928947794
b3590;1.30271955
b3591;3.326035605
b3592;1.53411409
b3593;0.359379415
b3594;0.430643771
b3595;0.067309233
b3596;0.026235155
b3597;1.394209365
b3598;0.70074874
b3599;1.684926324
b3600;1.452638716
b3601;2.068074023
b3602;2.411498215
b3603;0.405497232
b3604;1.040178053
b3605;1.315001634
b3606;1.183131579
b3607;3.080092075
b3608;4.597027299
b3609;4.525154803
b3610;7.410811234
b3611;5.6535206
b3612;3.816855106
b3613;1.542836416
b3614;0.451618731
b3615;0.339478641
b3616;2.065598022
b3617;2.0154117
b3618;0.568774875
b3619;5.020193003
b3620;2.913994604
b3621;2.264664663
b3622;1.585049912
b3623;1.177106865
b3624;0.661871919
b3625;1.744577109
b3626;1.299555894
b3627;1.39670819
b3628;0.916602565
b3629;0.772396681
b3630;0.892917478
b3631;1.864443382
b3632;1.468133784
b3633;2.203520768
b3634;1.53041371
b3635;0.882196976
b3636;13.1332078
b3637;12.26235935
b3638;0.231867211
b3639;3.385399254
b3640;2.014383898
b3641;2.150753162
b3642;2.049022142
b3643;1.888421496
b3644;3.228497516
b3645;0.757071686
b3646;0.162311097
b3647;0.074726045
b3648;4.549259551
b3649;6.834999304
b3650;3.241875136
b3651;2.193511481
b3652;0.893276767
b3653;0.76700514
b3654;2.134775115
b3655;1.155698992
b3656;0.810268525
b3657;1.431820577
b3658;2.242866579
b3659;2.42720974
b3660;0.492390653
b3661;4.318114599
b3662;0.475655008
b3663;0.575299502
b3664;1.149125036
b3665;0.124441242
b3666;0.18320345
b3667;1.353391059
b3668;0.728915367
b3669;1.951578292
b3670;3.410247612
b3671;4.452619683
b3672;10.17356584
b3673;0.586909391
b3674;0.148020015
b3675;0.982161001
b3676;2.185773518
b3677;0.648821193
b3678;0.275084433
b3679;0.380031162
b3680;0.338757118
b3683;0.420219241
b3684;0.203531616
b3685;0.888526497
b3686;0.554432771
b3687;2.180099994
b3688;2.716061784
b3689;1.029557681
b3690;0.35603317
b3691;0.929142335
b3693;0.214997789
b3696;0.39157847
b3697;2.119238817
b3698;2.147415015
b3699;2.337203464
b3700;2.395300767
b3701;2.892849571
b3702;3.320160349
b3703;8.830922528
b3704;5.439883617
b3705;1.942611532
b3706;2.726626937
b3707;0.349242758
b3708;0.099996936
b3709;0.255485521
b3710;0.470513791
b3711;0.238704964
b3712;1.534399754
b3713;1.299950523
b3714;1.323790958
b3715;0.938186401
b3716;0.283561441
b3717;0.623195357
b3718;0.163451177
b3719;0.323926882
b3720;0.124382563
b3721;0.431288724
b3722;0.169361773
b3723;0.33095952
b3724;0.906528488
b3725;3.413811051
b3726;1.432080472
b3727;2.928344071
b3728;2.64880556
b3729;4.06941014
b3730;6.440517809
b3731;4.721247004
b3732;7.17650778
b3733;10.9063016
b3734;11.26960301
b3735;17.05830604
b3736;13.68266207
b3737;13.89962689
b3738;9.446992481
b3739;8.117034712
b3740;0.729251096
b3741;1.178639733
b3742;4.52458053
b3743;0.478951189
b3744;1.175892056
b3745;1.058227901
b3746;1.049755163
b3747;0.570745074
b3748;3.369834978
b3749;1.168085622
b3750;1.983025638
b3751;4.762521047
b3752;2.707322524
b3753;0.691106105
b3754;0.245744743
b3755;1.37678312
b3756;15.64139006
b3757;13.81152013
b3758;12.33252375
b3759;18.81078161
b3760;10.24891343
b3761;2.95289793
b3764;3.493200636
b3765;0.60429588
b3766;12.16842151
b3769;3.690625445
b3770;8.056147031
b3771;3.428594904
b3772;2.200389507
b3773;1.194174558
b3774;15.3922144
b3775;2.30386617
b3777;0.499435807
b3778;1.198126736
b3779;1.099037372
b3780;4.184088075
b3781;6.30876629
b3783;4.422050681
b3784;1.4211148
b3785;1.687021685
b3786;2.563003258
b3787;2.218880367
b3788;1.586858872
b3789;1.567391748
b3790;1.544925887
b3791;1.116186789
b3792;1.026873322
b3793;1.244742992
b3794;0.702506164
b3795;2.874892491
b3796;3.797837829
b3797;10.86720685
b3798;6.467236236
b3799;0.678500073
b3800;0.094028471
b3801;0.750520555
b3802;1.588721579
b3803;2.916151809
b3804;2.955172935
b3805;2.755222796
b3806;1.503360289
b3807;2.887879899
b3809;5.739845638
b3810;2.470744064
b3811;2.897826605
b3812;2.236213109
b3813;1.543354735
b3816;1.053826612
b3817;0.079658242
b3818;0.123267516
b3819;0.48929326
b3820;1.895223688
b3821;2.041977724
b3822;1.534203176
b3823;0.637837851
b3824;0.766644378
b3825;1.303360822
b3826;1.669694833
b3827;1.156956503
b3828;1.411675369
b3829;11.10976364
b3830;1.670944981
b3831;2.863701526
b3832;1.160325572
b3833;2.850323906
b3834;2.343018348
b3835;1.607322876
b3836;4.179368728
b3838;3.868723754
b3839;1.453419138
b3842;1.272428849
b3843;3.022812008
b3844;3.155564823
b3845;1.898483792
b3846;0.590983786
b3847;3.135649324
b3848;1.980099054
b3849;1.235221837
b3850;2.502248101
b3851;17.11205212
b3852;9.755009051
b3853;7.082945427
b3854;14.17798004
b3855;19.24598497
b3856;0.692295145
b3857;0.755540291
b3858;3.536933747
b3859;2.488377195
b3860;3.469213687
b3861;0.370337725
b3862;0.347770999
b3863;1.879865561
b3864;2.007641342
b3865;2.898010667
b3866;2.37461957
b3867;1.362572067
b3868;1.785267309
b3869;2.178903591
b3870;5.357063118
b3871;3.881077989
b3872;0.192496294
b3873;0.167489053
b3874;1.68155431
b3875;0.233089382
b3876;0.108842289
b3877;0.583488785
b3878;0.460871891
b3879;0.465460923
b3880;0.424696363
b3881;1.107858355
b3882;2.859563814
b3883;0.263393336
b3884;0.833315285
b3885;2.681082657
b3886;0.853679159
b3887;3.610043139
b3888;1.605296723
b3889;0.251685525
b3890;0.420867138
b3891;1.348076823
b3892;2.102304385
b3893;0.88607332
b3894;0.762966821
b3895;1.650055426
b3896;0.04874762
b3897;1.347289038
b3898;0.340267899
b3899;0.829540543
b3900;0.490164977
b3901;0.27186681
b3902;1.068057543
b3903;1.239552446
b3904;0.5590969
b3905;0.848833913
b3906;0.776312783
b3907;0.926586083
b3908;9.398216073
b3909;0.480165261
b3910;0.883212261
b3911;1.077849637
b3912;2.665812881
b3915;2.975832045
b3916;3.966652055
b3917;2.67321217
b3918;1.091998108
b3919;6.774384034
b3920;1.283741294
b3921;1.316748749
b3922;2.073740921
b3923;2.226499057
b3924;1.633170323
b3925;1.859696793
b3926;0.515100949
b3927;0.470773686
b3928;5.20655201
b3929;3.721503672
b3930;3.352201847
b3931;3.501984071
b3932;5.338119466
b3933;2.416570961
b3934;1.466729023
b3935;0.600049203
b3936;9.183106595
b3937;1.165614039
b3938;5.105200157
b3939;2.876769922
b3940;2.909267894
b3941;3.651950356
b3942;2.85797352
b3943;0.436764198
b3944;0.492290524
b3945;0.269552784
b3946;0.269551311
b3947;0.589045982
b3949;0.230192468
b3950;0.224584912
b3951;0.56192041
b3952;0.841738694
b3953;0.325226359
b3954;0.475984847
b3955;3.490837281
b3956;6.773993823
b3957;4.099419595
b3958;5.765503869
b3959;7.820002957
b3960;3.469515549
b3961;1.816326652
b3962;1.58091809
b3963;3.346996576
b3964;2.065276282
b3965;2.234569068
b3966;1.949119225
b3967;1.802986581
b3968;0
b3969;10.65114025
b3970;0
b3971;17.63506037
b3972;2.080707296
b3973;1.405015272
b3974;1.351532034
b3976;11.93853554
b3977;9.764484558
b3978;9.326674889
b3979;9.754037204
b3980;17.10334231
b3981;6.914668663
b3982;4.868371373
b3983;14.35311127
b3984;13.80215506
b3985;14.30903949
b3986;12.06047288
b3987;9.48194952
b3988;3.826153914
b3989;0.450995865
b3990;3.283664553
b3991;5.708496213
b3992;3.456852089
b3993;4.820014627
b3994;5.341616643
b3995;2.97659038
b3996;2.370194721
b3997;2.66447291
b3998;1.422071186
b3999;2.183131862
b4000;12.7225215
b4001;0.946665029
b4002;0.731065947
b4003;0.760968645
b4004;1.754799908
b4005;3.008484628
b4006;5.754710478
b4007;0
b4008;11.28702999
b4009;16.27051368
b4010;18.74741278
b4011;0.181556905
b4012;0.50442683
b4013;4.539923931
b4014;14.28605383
b4015;12.69135613
b4016;1.725015745
b4017;0.146302275
b4018;1.455898084
b4019;2.870003806
b4020;0.497087913
b4021;0.259959329
b4022;1.052365897
b4023;2.622543606
b4024;3.113120145
b4025;3.913487611
b4026;0.248342225
b4027;1.244145895
b4028;0.751870833
b4029;0.698748356
b4030;0.954639328
b4031;0.318987396
b4032;0.347107639
b4033;1.12249864
b4034;2.47994716
b4035;0.733855589
b4036;1.942710925
b4037;1.119025023
b4038;0.136802693
b4039;2.729733903
b4040;1.603306645
b4041;1.655327696
b4042;2.33299949
b4043;2.929028781
b4044;0.365569786
b4045;0.982759571
b4046;1.764485982
b4047;0.053897746
b4048;0.120665175
b4049;3.534482042
b4050;1.003582863
b4051;2.643026016
b4052;2.972408493
b4053;1.816227259
b4054;3.635053472
b4055;0.814955477
b4056;2.169694606
b4057;1.724454725
b4058;1.046196141
b4059;3.60356416
b4060;0.450048314
b4061;0.308392056
b4062;0.947378453
b4063;0.23917896
b4064;2.522618601
b4065;1.680041321
b4066;9.93E-03
b4067;1.113311742
b4068;0.518299945
b4069;1.296161792
b4070;0.529707366
b4071;0.130614457
b4072;0.189938422
b4073;2.699356324
b4074;0.599762067
b4075;0.585918402
b4076;1.394068742
b4077;0.514081246
b4078;0.709469594
b4079;0.676774308
b4080;0.973502729
b4081;0.788220116
b4082;2.431152346
b4083;1.927827679
b4084;1.039011837
b4085;1.207305535
b4086;0.234638521
b4087;0.422678308
b4088;0.590648793
b4089;1.179998846
b4090;1.30999515
b4092;0.760124169
b4093;1.08355482
b4094;1.683559849
b4095;0.170613983
b4096;0.576090968
b4097;0.294951119
b4098;2.003616277
b4099;0.588312679
b4100;0.446240441
b4101;0.893665505
b4102;0.403800918
b4104;1.786568995
b4105;1.347238974
b4106;0.656057035
b4107;0.866978
b4108;3.302402056
b4109;0.260031629
b4110;0.497630528
b4111;3.542426154
b4112;0.978961269
b4113;1.041842709
b4114;0.56079616
b4115;0.134600576
b4116;0.086482448
b4117;0.167126525
b4118;0.299216938
b4119;0.622918528
b4120;0.298655917
b4121;0.470973209
b4122;0.103238561
b4123;0.531740146
b4124;1.904871477
b4125;0.78421861
b4126;2.18604004
b4127;2.493008193
b4128;0.153610343
b4129;1.037805127
b4130;0.480405278
b4131;0.947626569
b4132;0.484396476
b4133;0.799407399
b4134;1.565595304
b4135;3.222828409
b4136;1.557215333
b4137;1.788261628
b4138;2.22396342
b4139;1.235171773
b4140;0.998516743
b4141;1.128835523
b4142;13.21258266
b4143;6.352705551
b4144;4.470392702
b4145;0.6976565
b4146;1.22183391
b4147;5.976784859
b4148;0.672859679
b4149;2.166868151
b4150;0.773561425
b4151;0.427023641
b4152;0.937997186
b4153;0.736416995
b4154;4.180112338
b4155;0.935790651
b4156;0.372337374
b4157;0.66321189
b4158;0.196989834
b4159;0.805651515
b4160;2.322119222
b4161;2.717357579
b4162;1.390138652
b4163;7.439856204
b4164;7.169587052
b4165;4.577097075
b4166;0.91790646
b4167;3.580490158
b4168;1.891287708
b4169;1.768306371
b4170;1.295639057
b4171;9.789892465
b4172;7.065673057
b4173;6.085587538
b4174;4.409291509
b4175;3.425399589
b4176;0.364905396
b4177;3.699902166
b4178;1.837484938
b4179;3.65853241
b4180;0.429024763
b4181;0.179304577
b4182;0.258222668
b4183;0.072594461
b4184;3.114327591
b4185;0.067331836
b4186;0.197670642
b4187;0.949092438
b4188;0.692574919
b4189;0.676803022
b4190;0.873096218
b4191;0.751893657
b4192;0.570842995
b4193;0.736887457
b4194;0.459307365
b4195;0.414329996
b4196;0.568607011
b4197;0.293820243
b4198;0.431122332
b4199;1.041693251
b4200;13.09216936
b4201;13.56499497
b4202;11.78851772
b4203;6.120809626
b4204;0.101780938
b4205;-0.140735948
b4206;1.906235008
b4207;4.957103941
b4208;2.553446763
b4209;0.305642171
b4210;0.551322861
b4211;1.33014772
b4212;1.471154608
b4213;0.960759754
b4214;1.685352612
b4215;0.240809307
b4216;0.505534883
b4217;0.861696896
b4218;1.963811783
b4219;1.921310415
b4220;1.283619814
b4221;2.567059983
b4222;3.290452756
b4224;0.798833126
b4225;1.58613146
b4226;5.72974432
b4227;0.719316906
b4230;0.329554023
b4231;0.12208282
b4232;4.284887742
b4233;2.144557638
b4234;3.474374783
b4235;2.086078223
b4236;1.771028279
b4237;0.30405703
b4238;1.089515481
b4239;2.456563934
b4240;0.855602974
b4241;0.630240511
b4242;1.395365274
b4243;10.11537283
b4244;15.06931827
b4245;17.30603865
b4246;4.93768909
b4248;0.867641359
b4249;0.270387688
b4251;0.609834671
b4252;1.038296204
b4253;0.088643776
b4254;3.875740194
b4255;5.960300274
b4256;1.316742123
b4257;0.070406774
b4258;3.716445651
b4259;3.881122164
b4260;4.163804452
b4261;2.614967618
b4262;0.824703396
b4263;1.464529852
b4264;0.741176099
b4265;1.605915171
b4266;0.680967975
b4267;1.382686353
b4268;0.128252796
b4269;0.91810451
b4270;1.625658388
b4271;0.417061474
b4272;3.979389139
b4273;0
b4277;0.56256978
b4278;0.632854926
b4279;0.142231341
b4280;0.627883046
b4281;0.44739046
b4282;0.171513604
b4284;1.610890732
b4286;0.087735615
b4287;0.477203337
b4288;0.523918987
b4289;0.529850934
b4290;0.374313463
b4291;0.728009783
b4292;0.450605654
b4293;1.160500799
b4294;0.94639409
b4295;1.229808945
b4296;0.427307833
b4297;0.214435664
b4298;0.677528226
b4299;0.131558842
b4300;0.211873154
b4301;1.034945541
b4302;0.76949881
b4303;0.538891319
b4304;0.605565907
b4305;0.427871062
b4306;0.426137199
b4307;0.549545559
b4308;0.260446873
b4309;0.209201091
b4310;0.940214027
b4311;0.221031118
b4312;0.858530295
b4313;0.65733148
b4314;5.078076793
b4315;1.449087057
b4316;0.852495273
b4317;0.35879778
b4318;0.570514629
b4319;0.423480818
b4320;0.45549213
b4321;0.156940833
b4322;0.644310204
b4323;0.88320858
b4324;0.933923527
b4325;0.291222982
b4326;0.191527098
b4327;0.400010715
b4328;0.520913624
b4329;0.69787443
b4330;0.204281778
b4331;0.471835355
b4332;0.44156306
b4333;0.173732433
b4334;0.609507777
b4335;0.774371297
b4336;0.614738817
b4337;0.594324878
b4339;1.119821643
b4340;0.757707068
b4341;0.42897028
b4342;1.221386272
b4345;0.402229029
b4346;0.940820695
b4347;0.208412938
b4348;0.965773601
b4349;1.870312012
b4350;2.062020594
b4351;1.373190967
b4352;1.923478664
b4353;2.196442483
b4354;0.240564431
b4355;1.640730114
b4356;0.637086878
b4357;0.303844255
b4358;1.058007763
b4359;0.839778067
b4360;1.558955822
b4361;0.861199929
b4362;3.158995737
b4363;0.251032474
b4364;0.934363067
b4365;0.22236807
b4366;0.121581656
b4367;3.151883584
b4368;5.665278475
b4369;5.623260821
b4370;5.587994559
b4371;0.829603861
b4372;3.040967875
b4373;2.999576031
b4374;0.743973104
b4375;2.187572907
b4376;7.929475621
b4377;1.944148081
b4378;1.175257411
b4379;1.293445775
b4380;0.633279005
b4381;2.94493173
b4382;2.310010157
b4383;3.026809832
b4384;5.489801209
b4385;0.816029662
b4386;0.922478558
b4387;3.046504457
b4388;2.798440534
b4389;2.104172245
b4390;2.25229423
b4391;2.93960866
b4392;1.242687389
b4393;1.568564591
b4394;1.198098758
b4395;1.18756379
b4396;2.247584454
b4397;2.753860738
b4398;0.694607699
b4399;0.3144072
b4400;0.288437536
b4401;3.504016114
b4402;0.373357813
b4403;2.33375488
b4406;0
b4407;0
b4408;0
b4409;0
b4410;0
b4411;0
b4412;0
b4413;0
b4414;0
b4415;0
b4417;0
b4418;0
b4419;0
b4420;0
b4421;0
b4422;0
b4423;0
b4424;0
b4425;0
b4426;0
b4427;0
b4428;0
b4429;0
b4430;0
b4431;0
b4432;0
b4433;0
b4435;0
b4436;0
b4437;0
b4438;0
b4439;0
b4440;0
b4441;0
b4442;0
b4443;0
b4444;0
b4445;0
b4446;0
b4447;0
b4449;0
b4450;0
b4451;0
b4452;0
b4453;0
b4454;0
b4455;0
b4456;0
b4457;0
b4458;0
b4459;0
b4460;0
b4461;0
b4462;0
b4463;0
b4464;0
b4465;0
b4466;0
b4467;0
b4468;0
b4469;0
b4470;0
b4471;0
b4472;0
b4473;0
b4474;0
b4475;0
b4476;0
b4477;0
b4478;0
b4479;0
b4480;0
b4481;0
b4482;0
b4483;0
b4484;0
b4485;0
b4486;0
b4487;0
b4488;0
b4490;0
b4491;0
b4492;0
b4493;0
b4494;0
b4495;0
b4496;0
b4497;0
b4498;0
b4499;0
b4500;0
b4501;0
b4502;0
b4503;0
b4504;0
b4505;0
b4506;0
b4508;0
b4509;0
b4510;0
b4511;0
b4512;0
b4513;0
b4514;0
b4515;0
b4516;0
b4517;0
b4518;0
b4519;0
b4520;0
b4521;0
b4522;0
b4523;0
b4524;0
b4525;0
b4526;0
b4527;0
b4528;0
b4529;0
b4532;0
b4533;0
b4535;0
b4536;0
b4537;0
b4538;0
b4539;0
b4541;0
b4542;0
b4543;0
b4544;0
b4545;0
b4546;0
b4547;0
b4548;0
b4550;0
b4551;0
b4552;0
b4553;0
b4554;0
b4555;0
b4556;0
b4557;0
b4558;0
b4559;0
b4561;0
b4565;0
b4566;0
b4567;0
b4568;0
b4569;0
b4570;0
b4571;0
b4572;0
b4573;0
b4575;0
b4576;0
b4577;0
b4578;0
b4579;0
b4580;0
b4581;0
b4582;0
b4585;0
b4586;0
b4587;0
b4588;0
b4589;0
b4590;0
b4592;0
b4593;0
b4594;0
b4595;0
b4596;0
b4597;0
b4598;0
b4599;0
b4600;0
b4601;0
b4602;0
b4603;0
b4606;0
b4608;0
b4609;0
b4611;0
b4613;0
b4614;0
b4615;0
b4616;0
b4618;0
b4620;0
b4621;0
b4622;0
b4623;0
b4624;0
b4625;0
b4626;0
b4627;0
b4628;0
b4629;0
b4630;0
b4631;0
b4632;0
b4633;0
b4634;0
b4635;0
b4636;0
b4637;0
b4638;0
b4639;0
b4640;0
b4641;0
b4642;0
b4643;0
b4644;0
b4645;0
b4646;0
b4647;0
b4648;0
b4649;0
b4650;0
b4651;0
b4652;0
b4653;0
b4654;0
b4655;0
b4656;0
b4657;0
b4658;0
b4659;0
b4660;0
b4661;0
b4662;0
b4663;0
b4664;0
b4665;0
b4666;0
b4667;0
b4668;0
b4669;0
b4670;0
b4671;0
b4672;0
b4673;0
b4674;0
b4675;0
b4676;0
b4677;0
b4678;0
b4679;0
b4680;0
b4682;0
b4683;0
b4684;0
b4685;0
b4686;0
b4687;0
b4688;0
b4689;0
b4690;0
b4691;0
b4692;0
b4693;0
b4694;0
b4695;0
b4696;0
b4697;0
b4698;0
b4699;0
b4700;0
b4701;0
b4702;0
b4703;0
b4704;0
b4705;0
b4706;0
b4707;0
b4708;0
b4712;0
b4713;0
b4714;0
;100
